country_code,country_code_a3,country_name,year,is_exporter,stage1_oil_fiscal,stage2_fiscal_inflation,stage3_inflation_employment,stage4_employment_consumption,stage5_consumption_growth,stage_mean,amplification_factor,chain_transmission_severity,chain_transmission_severity_recent,transmission_severity,regime_used,transmission_speed,confidence,is_estimate,source,source_year,notes,empirical_stage1,empirical_stage2,empirical_stage3,empirical_stage4,empirical_stage5,empirical_flag,data_quality_flag,empirical_stage1_low,empirical_stage1_high,empirical_stage2_low,empirical_stage2_high,empirical_stage3_low,empirical_stage3_high,empirical_stage4_low,empirical_stage4_high,empirical_stage5_low,empirical_stage5_high,regime_flag
LB,LBN,Lebanon,2024,False,0.0,0.7474725131884924,0.78,0.76,0.029943305876577134,0.463483163813014,1.32,0.6117977762331785,0.6117977762331785,0.6117977762331785,high,fast,low,True,IMF_REO_FRAG_2023,2023,Oil importer in fiscal/banking collapse; oil price shocks amplify existing hyperinflation and severe household poverty,0.0,0.6203207865206487,,,0.0304242931351031,True,stage3_insufficient_data;stage4_insufficient_data,0.0,0.0,0.0995166789082429,0.7474725131884924,,,,,0.10126054705801384,0.029943305876577134,
LY,LBY,Libya,2024,True,0.2418205799843474,0.0506880343245989,0.72,0.68,0.33833190513091904,0.40616810388797314,1.38,0.5605119833654029,0.5605119833654029,0.5605119833654029,high,fast,low,True,IMF_REO_FRAG_2023,2023,Oil ~95% of export revenues; conflict disrupts subsidy distribution and fiscal management; structural amplification very high,0.09931743094015028,0.06145219711557721,,,0.3023953337769154,True,stage3_insufficient_data;stage4_insufficient_data,0.006559946815523932,0.2418205799843474,0.2294173844863201,0.0506880343245989,,,,,0.23444659827634423,0.33833190513091904,
IQ,IRQ,Iraq,2024,True,0.11455644949169279,0.00610652135490386,0.62,0.58,0.12390723051077651,0.2889140402714746,1.25,0.3611425503393433,0.3611425503393433,0.3611425503393433,high,fast,medium,True,IMF_AIV_2023,2023,Oil = 85%+ fiscal revenue; weak non-oil sector amplifies every downstream stage; poor governance raises amplification,0.054087313304788776,0.1268780255905648,,,0.26586164076002894,True,stage3_insufficient_data;stage4_insufficient_data,0.009256863570492347,0.11455644949169279,0.3652486200614432,0.00610652135490386,,,,,0.40349869170289115,0.12390723051077651,
DZ,DZA,Algeria,2024,True,0.0413486914710503,0.04302035551835494,0.58,0.62,0.027440716437378533,0.2623619526853567,1.18,0.30958710416872093,0.30958710416872093,0.30958710416872093,high,fast,medium,True,IMF_AIV_2023,2023,Hydrocarbons ~60% fiscal revenue; pervasive subsidy system and FX controls amplify fiscal-to-inflation transmission,0.007379688929513068,0.01633336283698731,,,0.09897295074023069,True,stage3_insufficient_data;stage4_insufficient_data,0.017838234158468434,0.0413486914710503,0.030233507639794505,0.04302035551835494,,,,,0.15899383711288761,0.027440716437378533,
IR,IRN,"Iran, Islamic Rep.",2024,True,0.037433508543909526,0.10754002662296193,0.58,0.54,0.14977206194157683,0.28294911942168965,1.08,0.3055850489754248,0.3055850489754248,0.3055850489754248,high,medium,low,True,IMF_REO_FRAG_2023,2023,Sanctions reduce effective oil-fiscal link but create FX distortions; structural inflation already embedded before oil shock,0.02502339184011046,0.12448322339874063,,,0.05883024493036874,True,stage3_insufficient_data;stage4_insufficient_data,0.015946122819911774,0.037433508543909526,0.09645325612975301,0.10754002662296193,,,,,0.05352443467133168,0.14977206194157683,
BH,BHR,Bahrain,2024,True,0.03570162092979171,0.01364985792724048,0.58,0.58,0.026373098007253033,0.24714491537285702,1.12,0.2768023052175999,0.2768023052175999,0.2768023052175999,high,fast,medium,True,IMF_AIV_2023,2023,Smallest GCC SWF; highest fiscal breakeven relative to buffers; extensive household subsidies maintain stage 2-4 sensitivity,0.004219012082761105,0.014581639398518708,,,0.030272604385780097,True,stage3_insufficient_data;stage4_insufficient_data,0.01911167172631807,0.03570162092979171,0.01394908055508,0.01364985792724048,,,,,0.09574427528898143,0.026373098007253033,
EG,EGY,"Egypt, Arab Rep.",2024,False,0.009215671437659056,0.04714179670055557,0.52,0.58,0.027058349416085606,0.23668316351086008,1.08,0.2556178165917289,0.2556178165917289,0.2556178165917289,high,medium,medium,True,IMF_AIV_2023,2023,Partial natural gas exporter; Suez fees and remittances dilute stage 1; large energy subsidy system sensitive in stages 2-4,0.009394643520310508,0.0049002202154509065,,,0.11830153998684097,True,stage3_insufficient_data;stage4_insufficient_data,0.009562228217366872,0.009215671437659056,0.07536616540563464,0.04714179670055557,,,,,0.31270597076600076,0.027058349416085606,
JO,JOR,Jordan,2024,False,9.046144687270956e-05,0.012370801229510474,0.48,0.48,0.01616267643824033,0.19772478782292469,1.04,0.20563377933584168,0.20563377933584168,0.20563377933584168,high,medium,medium,True,IMF_AIV_2023,2023,Pure oil importer (~22% of imports); limited fiscal space under IMF program; high structural unemployment amplifies stages 3-4,3.930370660822801e-05,0.027435867325944677,,,0.04616945392349219,True,stage3_insufficient_data;stage4_insufficient_data,1.299018109072891e-06,9.046144687270956e-05,0.03694649312266305,0.012370801229510474,,,,,0.11889010249696562,0.01616267643824033,
OM,OMN,Oman,2024,True,0.04436651308593576,0.007764069592256781,0.46,0.48,0.0564295671386984,0.2097120299633782,0.94,0.1971293081655755,0.1971293081655755,0.1971293081655755,high,medium,medium,True,IMF_AIV_2023,2023,Oil ~65-70% fiscal revenue; smaller SWF than GCC peers; partial subsidy reform leaves stages 2-3 exposed,0.0009165913100579621,0.019415053826390284,,,0.1216156072258176,True,stage3_insufficient_data;stage4_insufficient_data,0.03449977456089734,0.04436651308593576,0.027543615160696647,0.007764069592256781,,,,,0.16372130644907648,0.0564295671386984,
MA,MAR,Morocco,2024,False,1.6158683018768724e-05,0.04252080226551569,0.34,0.38,0.09217265164158657,0.17094192251802423,0.88,0.15042889181586133,0.15042889181586133,0.15042889181586133,high,slow,medium,True,IMF_AIV_2023,2023,Pure importer; phosphate/tourism/remittances diversify revenues; completed subsidy reform 2014-15 reduces stages 2-3,6.08592047535481e-06,0.02662212546279194,,,0.02749512956511163,True,stage3_insufficient_data;stage4_insufficient_data,1.4021953784951546e-06,1.6158683018768724e-05,0.00021745116123775317,0.04252080226551569,,,,,0.053653941422647726,0.09217265164158657,
SA,SAU,Saudi Arabia,2024,True,0.017729887087101173,0.007068224047362522,0.38,0.42,0.004901203795581758,0.1659398629860091,0.9,0.1493458766874082,0.1493458766874082,0.1493458766874082,high,medium,high,True,IMF_AIV_2023,2023,Vision 2030 diversification and VAT reform partially decouple fiscal from oil; SAMA/PIF buffers dampen downstream stages,0.001434771250841426,0.002984272448591852,,,0.0760795721642255,True,stage3_insufficient_data;stage4_insufficient_data,0.015507635004278868,0.017729887087101173,0.005533063593135996,0.007068224047362522,,,,,0.14394127097767867,0.004901203795581758,
AE,ARE,United Arab Emirates,2024,True,0.03702343092731421,0.025357444837923963,0.28,0.34,0.014710345432085041,0.13941824423946464,0.8,0.11153459539157172,0.11153459539157172,0.11153459539157172,high,slow,high,True,IMF_AIV_2023,2023,Abu Dhabi oil-dependent; Dubai/Sharjah services-trade diversification and ADIA/ADQ buffers lower effective amplification,0.0009025268298153216,0.01589821583021247,,,0.06887459006617427,True,stage3_insufficient_data;stage4_insufficient_data,0.025881477464204928,0.03702343092731421,0.02468720417988889,0.025357444837923963,,,,,0.1496358909285763,0.014710345432085041,
QA,QAT,Qatar,2024,True,0.04352059544714619,0.039106896799487395,0.22,0.28,0.006089766483662699,0.11774345174605927,0.82,0.09654963043176859,0.09654963043176859,0.09654963043176859,high,slow,high,True,IMF_AIV_2023,2023,LNG long-term contracts provide revenue stability; QIA (~$475bn) cushions fiscal-to-inflation transmission,0.024501981058282506,0.048463788507352695,,,0.1667495263378729,True,stage3_insufficient_data;stage4_insufficient_data,0.010441355220536743,0.04352059544714619,0.055950919813855735,0.039106896799487395,,,,,0.3532078591293487,0.006089766483662699,
KW,KWT,Kuwait,2024,True,0.03546305785594614,0.0010616376986853345,0.22,0.28,0.03708994666716831,0.11472292844435997,0.78,0.08948388418660078,0.08948388418660078,0.08948388418660078,high,slow,high,True,IMF_AIV_2023,2023,Stage 1 very high (oil ~90% fiscal) but ~$700bn RSAL/GRF buffer dramatically dampens stages 2-5,0.027076434313168547,0.007719396456204148,,,0.1354130340848385,True,stage3_insufficient_data;stage4_insufficient_data,0.039306306132487055,0.03546305785594614,0.009916205267700587,0.0010616376986853345,,,,,0.2434490354844534,0.03708994666716831,
