country_code,country_code_a3,country_name,oil_rents_pct_gdp,exports_pct_gdp,imports_pct_gdp,gdp_growth_vol,inflation_vol,norm_oil_rents_pct_gdp,norm_exports_pct_gdp,norm_imports_pct_gdp,norm_gdp_growth_vol,norm_inflation_vol,ocvi_score,ocvi_rank,ocvi_weight_used,components_available,components_missing,yrs_oil_rents,yrs_exports_gdp,yrs_imports_gdp,yrs_gdp_growth,yrs_inflation,data_quality,data_insufficient
LY,LBY,Libya,41.281199,56.066879,29.406061,0.310763,8.663288,0.874152,0.343904,0.276864,1.000000,0.098805,0.619852,1,1.000000,5,,22,24,24,24,25,full (5/5 components),False
IQ,IRQ,Iraq,47.224260,41.005687,22.909718,0.258993,14.288597,1.000000,0.195499,0.161049,0.774872,0.177446,0.597233,2,1.000000,5,,22,20,20,24,25,full (5/5 components),False
KW,KWT,Kuwait,45.126719,73.516491,19.029272,0.191679,2.058331,0.955583,0.515843,0.091870,0.482147,0.006470,0.572151,3,1.000000,5,,21,25,25,24,25,full (5/5 components),False
AE,ARE,United Arab Emirates,19.673599,122.652342,69.968620,0.123508,3.186774,0.416599,1.000000,1.000000,0.185695,0.022245,0.546719,4,1.000000,5,,22,2,2,24,17,full (5/5 components),True
OM,OMN,Oman,31.395397,56.380515,28.552521,0.146018,2.726389,0.664815,0.346994,0.261647,0.283583,0.015809,0.418690,5,1.000000,5,,22,25,25,24,24,full (5/5 components),False
SA,SAU,Saudi Arabia,36.347071,45.723612,17.102250,0.137487,2.535424,0.769669,0.241987,0.057516,0.246485,0.013139,0.403179,6,1.000000,5,,22,25,25,24,25,full (5/5 components),False
QA,QAT,Qatar,25.508533,66.059977,16.579053,0.197207,4.839006,0.540157,0.442370,0.048188,0.506186,0.045343,0.392227,7,1.000000,5,,22,14,14,24,25,full (5/5 components),False
BH,BHR,Bahrain,15.510282,97.963398,48.119296,0.092713,1.651222,0.328439,0.756729,0.610477,0.051779,0.000778,0.382138,8,1.000000,5,,22,25,25,24,25,full (5/5 components),False
LB,LBN,Lebanon,0.000000,54.621184,44.808423,0.138193,73.127488,0.000000,0.329659,0.551452,0.249555,1.000000,0.286083,9,1.000000,5,,22,22,22,24,16,full (5/5 components),False
IR,IRN,"Iran, Islamic Rep.",21.717571,27.493868,13.876050,0.174349,12.105474,0.459882,0.062361,0.000000,0.406783,0.146926,0.272135,10,1.000000,5,,22,1,1,24,25,full (5/5 components),True
DZ,DZA,Algeria,19.461216,30.732065,21.773025,0.128836,2.389475,0.412102,0.094269,0.140785,0.208863,0.011099,0.237252,11,1.000000,5,,22,20,20,24,25,full (5/5 components),False
JO,JOR,Jordan,0.002656,44.164194,48.756375,0.096996,3.025965,0.000056,0.226621,0.621835,0.070403,0.019997,0.151182,12,1.000000,5,,22,25,25,24,25,full (5/5 components),False
EG,EGY,"Egypt, Arab Rep.",6.888342,21.165001,19.487978,0.130186,8.267273,0.145864,0.000000,0.100048,0.214736,0.093269,0.114890,13,1.000000,5,,22,25,25,24,25,full (5/5 components),False
MA,MAR,Morocco,0.003825,30.268179,31.167512,0.080806,1.595539,0.000081,0.089698,0.308267,0.000000,0.000000,0.064212,14,1.000000,5,,22,25,25,24,25,full (5/5 components),False
