scenario_id,varied_component,fiscal_w,runway_w,social_w,chain_w,country_code_a3,country_label,right_now_risk_score,rank,stress_status,brent_live_usd,fiscal_breakeven_usd,price_gap_usd,reserve_runway_risk,reserve_runway_months,runway_status,fiscal_stress_score,social_stability_risk,confidence,chain_transmission_severity_recent,chain_severity_raw,primary_driver,missing_components,rescaled_weights
base,base,0.35,0.25,0.2,0.2,IRN,Iran,0.4248134329039535,1,Red,108.6500015258789,130,-21.349998474121094,0.9777777777777777,6.666666666666667,Red,0.16423075749323918,0.204570220625422,low,0.4098708960589548,0.3055850489754248,Reserve runway,,"{'fiscal_stress_score': 0.35, 'reserve_runway_risk': 0.25, 'social_stability_risk': 0.2, 'chain_transmission_severity_recent': 0.2}"
base,base,0.35,0.25,0.2,0.2,LBN,Lebanon,0.3341935483870968,2,Gray,108.6500015258789,0,,0.0,,Gray,0.0,0.6709677419354838,low,1.0,0.6165313039960671,Chain transmission,,"{'fiscal_stress_score': 0.35, 'reserve_runway_risk': 0.25, 'social_stability_risk': 0.2, 'chain_transmission_severity_recent': 0.2}"
base,base,0.35,0.25,0.2,0.2,BHR,Bahrain,0.32732033832227103,3,Amber,108.6500015258789,95,13.650001525878906,0.7833333333333333,12.5,Amber,0.0,0.3024414646273633,high,0.35499356031732526,0.2766695084260557,Reserve runway,,"{'fiscal_stress_score': 0.35, 'reserve_runway_risk': 0.25, 'social_stability_risk': 0.2, 'chain_transmission_severity_recent': 0.2}"
base,base,0.35,0.25,0.2,0.2,DZA,Algeria,0.29227599285027783,4,Red,108.6500015258789,135,-26.349998474121094,0.3666666666666667,25.0,Amber,0.19518517388237847,0.2440063832844308,medium,0.4174661933394627,0.3095871041687209,Mixed,,"{'fiscal_stress_score': 0.35, 'reserve_runway_risk': 0.25, 'social_stability_risk': 0.2, 'chain_transmission_severity_recent': 0.2}"
base,base,0.35,0.25,0.2,0.2,LBY,Libya,0.28205600167418377,5,Red,108.6500015258789,115,-6.349998474121094,0.0,100.0,Green,0.055217378035835596,0.41996582012134964,low,0.893683776686857,0.5605119833654026,Chain transmission,,"{'fiscal_stress_score': 0.35, 'reserve_runway_risk': 0.25, 'social_stability_risk': 0.2, 'chain_transmission_severity_recent': 0.2}"
base,base,0.35,0.25,0.2,0.2,IRQ,Iraq,0.26497349870196485,6,Red,108.6500015258789,130,-21.349998474121094,0.0,40.0,Green,0.16423075749323918,0.5037448335994124,medium,0.5337188342972433,0.3708420449955208,Mixed,,"{'fiscal_stress_score': 0.35, 'reserve_runway_risk': 0.25, 'social_stability_risk': 0.2, 'chain_transmission_severity_recent': 0.2}"
base,base,0.35,0.25,0.2,0.2,JOR,Jordan,0.13124092261145695,7,Gray,108.6500015258789,0,,0.0,,Gray,0.0,0.43544700814237125,high,0.22075760491491342,0.2059389388900922,Social stability,,"{'fiscal_stress_score': 0.35, 'reserve_runway_risk': 0.25, 'social_stability_risk': 0.2, 'chain_transmission_severity_recent': 0.2}"
base,base,0.35,0.25,0.2,0.2,EGY,Egypt,0.1265631354196597,8,Green,108.6500015258789,45,63.650001525878906,0.0,,Gray,0.0,0.3177750552485924,high,0.315040621849706,0.2556178156513549,Mixed,,"{'fiscal_stress_score': 0.35, 'reserve_runway_risk': 0.25, 'social_stability_risk': 0.2, 'chain_transmission_severity_recent': 0.2}"
base,base,0.35,0.25,0.2,0.2,OMN,Oman,0.0896413164298587,9,Green,108.6500015258789,90,18.650001525878906,0.0,,Gray,0.0,0.2441683278062743,high,0.20403825434301923,0.1971293082313286,Social stability,,"{'fiscal_stress_score': 0.35, 'reserve_runway_risk': 0.25, 'social_stability_risk': 0.2, 'chain_transmission_severity_recent': 0.2}"
base,base,0.35,0.25,0.2,0.2,SAU,Saudi Arabia,0.07446498709561974,10,Green,108.6500015258789,80,28.650001525878906,0.0,,Gray,0.0,0.26006209272395653,high,0.11226284275414222,0.148771719449552,Social stability,,"{'fiscal_stress_score': 0.35, 'reserve_runway_risk': 0.25, 'social_stability_risk': 0.2, 'chain_transmission_severity_recent': 0.2}"
base,base,0.35,0.25,0.2,0.2,KWT,Kuwait,0.07446080519762079,11,Green,108.6500015258789,50,58.650001525878906,0.0,,Gray,0.0,0.3723040259881039,high,0.0,0.0896190521785287,Social stability,,"{'fiscal_stress_score': 0.35, 'reserve_runway_risk': 0.25, 'social_stability_risk': 0.2, 'chain_transmission_severity_recent': 0.2}"
base,base,0.35,0.25,0.2,0.2,QAT,Qatar,0.04929829289464701,12,Green,108.6500015258789,55,53.650001525878906,0.0,,Gray,0.0,0.22837303875976875,high,0.018118425713466262,0.0991658726706,Social stability,,"{'fiscal_stress_score': 0.35, 'reserve_runway_risk': 0.25, 'social_stability_risk': 0.2, 'chain_transmission_severity_recent': 0.2}"
base,base,0.35,0.25,0.2,0.2,ARE,UAE,0.04887746300148248,13,Green,108.6500015258789,65,43.650001525878906,0.0,,Gray,0.0,0.2027947886550412,high,0.04159252635237118,0.1115346638976369,Social stability,,"{'fiscal_stress_score': 0.35, 'reserve_runway_risk': 0.25, 'social_stability_risk': 0.2, 'chain_transmission_severity_recent': 0.2}"
base,base,0.35,0.25,0.2,0.2,MAR,Morocco,0.03671999080594039,14,Gray,108.6500015258789,0,,0.0,,Gray,0.0,0.06819204801200299,high,0.11540790601769897,0.1504288918158613,Chain transmission,,"{'fiscal_stress_score': 0.35, 'reserve_runway_risk': 0.25, 'social_stability_risk': 0.2, 'chain_transmission_severity_recent': 0.2}"
fiscal_w_0.25,fiscal_w,0.25,0.28846153846153844,0.23076923076923078,0.23076923076923078,IRN,Iran,0.4649030752748326,1,Red,108.6500015258789,130,-21.349998474121094,0.9777777777777777,6.666666666666667,Red,0.16423075749323918,0.204570220625422,low,0.4098708960589548,0.3055850489754248,Reserve runway,,"{'fiscal_stress_score': 0.35, 'reserve_runway_risk': 0.25, 'social_stability_risk': 0.2, 'chain_transmission_severity_recent': 0.2}"
fiscal_w_0.25,fiscal_w,0.25,0.28846153846153844,0.23076923076923078,0.23076923076923078,LBN,Lebanon,0.38560794044665014,2,Gray,108.6500015258789,0,,0.0,,Gray,0.0,0.6709677419354838,low,1.0,0.6165313039960671,Chain transmission,,"{'fiscal_stress_score': 0.35, 'reserve_runway_risk': 0.25, 'social_stability_risk': 0.2, 'chain_transmission_severity_recent': 0.2}"
fiscal_w_0.25,fiscal_w,0.25,0.28846153846153844,0.23076923076923078,0.23076923076923078,BHR,Bahrain,0.37767731344877425,3,Amber,108.6500015258789,95,13.650001525878906,0.7833333333333333,12.5,Amber,0.0,0.3024414646273633,high,0.35499356031732526,0.2766695084260557,Reserve runway,,"{'fiscal_stress_score': 0.35, 'reserve_runway_risk': 0.25, 'social_stability_risk': 0.2, 'chain_transmission_severity_recent': 0.2}"
fiscal_w_0.25,fiscal_w,0.25,0.28846153846153844,0.23076923076923078,0.23076923076923078,DZA,Algeria,0.30721304192226234,5,Red,108.6500015258789,135,-26.349998474121094,0.3666666666666667,25.0,Amber,0.19518517388237847,0.2440063832844308,medium,0.4174661933394627,0.3095871041687209,Mixed,,"{'fiscal_stress_score': 0.35, 'reserve_runway_risk': 0.25, 'social_stability_risk': 0.2, 'chain_transmission_severity_recent': 0.2}"
fiscal_w_0.25,fiscal_w,0.25,0.28846153846153844,0.23076923076923078,0.23076923076923078,LBY,Libya,0.3169542514646989,4,Red,108.6500015258789,115,-6.349998474121094,0.0,100.0,Green,0.055217378035835596,0.41996582012134964,low,0.893683776686857,0.5605119833654026,Chain transmission,,"{'fiscal_stress_score': 0.35, 'reserve_runway_risk': 0.25, 'social_stability_risk': 0.2, 'chain_transmission_severity_recent': 0.2}"
fiscal_w_0.25,fiscal_w,0.25,0.28846153846153844,0.23076923076923078,0.23076923076923078,IRQ,Iraq,0.2804723819648457,6,Red,108.6500015258789,130,-21.349998474121094,0.0,40.0,Green,0.16423075749323918,0.5037448335994124,medium,0.5337188342972433,0.3708420449955208,Mixed,,"{'fiscal_stress_score': 0.35, 'reserve_runway_risk': 0.25, 'social_stability_risk': 0.2, 'chain_transmission_severity_recent': 0.2}"
fiscal_w_0.25,fiscal_w,0.25,0.28846153846153844,0.23076923076923078,0.23076923076923078,JOR,Jordan,0.15143183378245031,7,Gray,108.6500015258789,0,,0.0,,Gray,0.0,0.43544700814237125,high,0.22075760491491342,0.2059389388900922,Social stability,,"{'fiscal_stress_score': 0.35, 'reserve_runway_risk': 0.25, 'social_stability_risk': 0.2, 'chain_transmission_severity_recent': 0.2}"
fiscal_w_0.25,fiscal_w,0.25,0.28846153846153844,0.23076923076923078,0.23076923076923078,EGY,Egypt,0.14603438702268426,8,Green,108.6500015258789,45,63.650001525878906,0.0,,Gray,0.0,0.3177750552485924,high,0.315040621849706,0.2556178156513549,Mixed,,"{'fiscal_stress_score': 0.35, 'reserve_runway_risk': 0.25, 'social_stability_risk': 0.2, 'chain_transmission_severity_recent': 0.2}"
fiscal_w_0.25,fiscal_w,0.25,0.28846153846153844,0.23076923076923078,0.23076923076923078,OMN,Oman,0.1034322881882985,9,Green,108.6500015258789,90,18.650001525878906,0.0,,Gray,0.0,0.2441683278062743,high,0.20403825434301923,0.1971293082313286,Social stability,,"{'fiscal_stress_score': 0.35, 'reserve_runway_risk': 0.25, 'social_stability_risk': 0.2, 'chain_transmission_severity_recent': 0.2}"
fiscal_w_0.25,fiscal_w,0.25,0.28846153846153844,0.23076923076923078,0.23076923076923078,SAU,Saudi Arabia,0.08592113895648433,10,Green,108.6500015258789,80,28.650001525878906,0.0,,Gray,0.0,0.26006209272395653,high,0.11226284275414222,0.148771719449552,Social stability,,"{'fiscal_stress_score': 0.35, 'reserve_runway_risk': 0.25, 'social_stability_risk': 0.2, 'chain_transmission_severity_recent': 0.2}"
fiscal_w_0.25,fiscal_w,0.25,0.28846153846153844,0.23076923076923078,0.23076923076923078,KWT,Kuwait,0.08591631368956244,11,Green,108.6500015258789,50,58.650001525878906,0.0,,Gray,0.0,0.3723040259881039,high,0.0,0.0896190521785287,Social stability,,"{'fiscal_stress_score': 0.35, 'reserve_runway_risk': 0.25, 'social_stability_risk': 0.2, 'chain_transmission_severity_recent': 0.2}"
fiscal_w_0.25,fiscal_w,0.25,0.28846153846153844,0.23076923076923078,0.23076923076923078,QAT,Qatar,0.05688264564766962,12,Green,108.6500015258789,55,53.650001525878906,0.0,,Gray,0.0,0.22837303875976875,high,0.018118425713466262,0.0991658726706,Social stability,,"{'fiscal_stress_score': 0.35, 'reserve_runway_risk': 0.25, 'social_stability_risk': 0.2, 'chain_transmission_severity_recent': 0.2}"
fiscal_w_0.25,fiscal_w,0.25,0.28846153846153844,0.23076923076923078,0.23076923076923078,ARE,UAE,0.056397072694018245,13,Green,108.6500015258789,65,43.650001525878906,0.0,,Gray,0.0,0.2027947886550412,high,0.04159252635237118,0.1115346638976369,Social stability,,"{'fiscal_stress_score': 0.35, 'reserve_runway_risk': 0.25, 'social_stability_risk': 0.2, 'chain_transmission_severity_recent': 0.2}"
fiscal_w_0.25,fiscal_w,0.25,0.28846153846153844,0.23076923076923078,0.23076923076923078,MAR,Morocco,0.04236922016070045,14,Gray,108.6500015258789,0,,0.0,,Gray,0.0,0.06819204801200299,high,0.11540790601769897,0.1504288918158613,Chain transmission,,"{'fiscal_stress_score': 0.35, 'reserve_runway_risk': 0.25, 'social_stability_risk': 0.2, 'chain_transmission_severity_recent': 0.2}"
fiscal_w_0.30,fiscal_w,0.3,0.26923076923076916,0.2153846153846154,0.2153846153846154,IRN,Iran,0.444858254089393,1,Red,108.6500015258789,130,-21.349998474121094,0.9777777777777777,6.666666666666667,Red,0.16423075749323918,0.204570220625422,low,0.4098708960589548,0.3055850489754248,Reserve runway,,"{'fiscal_stress_score': 0.35, 'reserve_runway_risk': 0.25, 'social_stability_risk': 0.2, 'chain_transmission_severity_recent': 0.2}"
fiscal_w_0.30,fiscal_w,0.3,0.26923076923076916,0.2153846153846154,0.2153846153846154,LBN,Lebanon,0.3599007444168735,2,Gray,108.6500015258789,0,,0.0,,Gray,0.0,0.6709677419354838,low,1.0,0.6165313039960671,Chain transmission,,"{'fiscal_stress_score': 0.35, 'reserve_runway_risk': 0.25, 'social_stability_risk': 0.2, 'chain_transmission_severity_recent': 0.2}"
fiscal_w_0.30,fiscal_w,0.3,0.26923076923076916,0.2153846153846154,0.2153846153846154,BHR,Bahrain,0.3524988258855226,3,Amber,108.6500015258789,95,13.650001525878906,0.7833333333333333,12.5,Amber,0.0,0.3024414646273633,high,0.35499356031732526,0.2766695084260557,Reserve runway,,"{'fiscal_stress_score': 0.35, 'reserve_runway_risk': 0.25, 'social_stability_risk': 0.2, 'chain_transmission_severity_recent': 0.2}"
fiscal_w_0.30,fiscal_w,0.3,0.26923076923076916,0.2153846153846154,0.2153846153846154,DZA,Algeria,0.29974451738627006,4,Red,108.6500015258789,135,-26.349998474121094,0.3666666666666667,25.0,Amber,0.19518517388237847,0.2440063832844308,medium,0.4174661933394627,0.3095871041687209,Mixed,,"{'fiscal_stress_score': 0.35, 'reserve_runway_risk': 0.25, 'social_stability_risk': 0.2, 'chain_transmission_severity_recent': 0.2}"
fiscal_w_0.30,fiscal_w,0.3,0.26923076923076916,0.2153846153846154,0.2153846153846154,LBY,Libya,0.29950512656944134,5,Red,108.6500015258789,115,-6.349998474121094,0.0,100.0,Green,0.055217378035835596,0.41996582012134964,low,0.893683776686857,0.5605119833654026,Chain transmission,,"{'fiscal_stress_score': 0.35, 'reserve_runway_risk': 0.25, 'social_stability_risk': 0.2, 'chain_transmission_severity_recent': 0.2}"
fiscal_w_0.30,fiscal_w,0.3,0.26923076923076916,0.2153846153846154,0.2153846153846154,IRQ,Iraq,0.2727229403334053,6,Red,108.6500015258789,130,-21.349998474121094,0.0,40.0,Green,0.16423075749323918,0.5037448335994124,medium,0.5337188342972433,0.3708420449955208,Mixed,,"{'fiscal_stress_score': 0.35, 'reserve_runway_risk': 0.25, 'social_stability_risk': 0.2, 'chain_transmission_severity_recent': 0.2}"
fiscal_w_0.30,fiscal_w,0.3,0.26923076923076916,0.2153846153846154,0.2153846153846154,JOR,Jordan,0.14133637819695363,7,Gray,108.6500015258789,0,,0.0,,Gray,0.0,0.43544700814237125,high,0.22075760491491342,0.2059389388900922,Social stability,,"{'fiscal_stress_score': 0.35, 'reserve_runway_risk': 0.25, 'social_stability_risk': 0.2, 'chain_transmission_severity_recent': 0.2}"
fiscal_w_0.30,fiscal_w,0.3,0.26923076923076916,0.2153846153846154,0.2153846153846154,EGY,Egypt,0.13629876122117196,8,Green,108.6500015258789,45,63.650001525878906,0.0,,Gray,0.0,0.3177750552485924,high,0.315040621849706,0.2556178156513549,Mixed,,"{'fiscal_stress_score': 0.35, 'reserve_runway_risk': 0.25, 'social_stability_risk': 0.2, 'chain_transmission_severity_recent': 0.2}"
fiscal_w_0.30,fiscal_w,0.3,0.26923076923076916,0.2153846153846154,0.2153846153846154,OMN,Oman,0.0965368023090786,9,Green,108.6500015258789,90,18.650001525878906,0.0,,Gray,0.0,0.2441683278062743,high,0.20403825434301923,0.1971293082313286,Social stability,,"{'fiscal_stress_score': 0.35, 'reserve_runway_risk': 0.25, 'social_stability_risk': 0.2, 'chain_transmission_severity_recent': 0.2}"
fiscal_w_0.30,fiscal_w,0.3,0.26923076923076916,0.2153846153846154,0.2153846153846154,SAU,Saudi Arabia,0.08019306302605204,10,Green,108.6500015258789,80,28.650001525878906,0.0,,Gray,0.0,0.26006209272395653,high,0.11226284275414222,0.148771719449552,Social stability,,"{'fiscal_stress_score': 0.35, 'reserve_runway_risk': 0.25, 'social_stability_risk': 0.2, 'chain_transmission_severity_recent': 0.2}"
fiscal_w_0.30,fiscal_w,0.3,0.26923076923076916,0.2153846153846154,0.2153846153846154,KWT,Kuwait,0.08018855944359161,11,Green,108.6500015258789,50,58.650001525878906,0.0,,Gray,0.0,0.3723040259881039,high,0.0,0.0896190521785287,Social stability,,"{'fiscal_stress_score': 0.35, 'reserve_runway_risk': 0.25, 'social_stability_risk': 0.2, 'chain_transmission_severity_recent': 0.2}"
fiscal_w_0.30,fiscal_w,0.3,0.26923076923076916,0.2153846153846154,0.2153846153846154,QAT,Qatar,0.05309046927115831,12,Green,108.6500015258789,55,53.650001525878906,0.0,,Gray,0.0,0.22837303875976875,high,0.018118425713466262,0.0991658726706,Social stability,,"{'fiscal_stress_score': 0.35, 'reserve_runway_risk': 0.25, 'social_stability_risk': 0.2, 'chain_transmission_severity_recent': 0.2}"
fiscal_w_0.30,fiscal_w,0.3,0.26923076923076916,0.2153846153846154,0.2153846153846154,ARE,UAE,0.052637267847750364,13,Green,108.6500015258789,65,43.650001525878906,0.0,,Gray,0.0,0.2027947886550412,high,0.04159252635237118,0.1115346638976369,Social stability,,"{'fiscal_stress_score': 0.35, 'reserve_runway_risk': 0.25, 'social_stability_risk': 0.2, 'chain_transmission_severity_recent': 0.2}"
fiscal_w_0.30,fiscal_w,0.3,0.26923076923076916,0.2153846153846154,0.2153846153846154,MAR,Morocco,0.03954460548332042,14,Gray,108.6500015258789,0,,0.0,,Gray,0.0,0.06819204801200299,high,0.11540790601769897,0.1504288918158613,Chain transmission,,"{'fiscal_stress_score': 0.35, 'reserve_runway_risk': 0.25, 'social_stability_risk': 0.2, 'chain_transmission_severity_recent': 0.2}"
fiscal_w_0.40,fiscal_w,0.4,0.23076923076923073,0.18461538461538463,0.18461538461538463,IRN,Iran,0.4047686117185139,1,Red,108.6500015258789,130,-21.349998474121094,0.9777777777777777,6.666666666666667,Red,0.16423075749323918,0.204570220625422,low,0.4098708960589548,0.3055850489754248,Reserve runway,,"{'fiscal_stress_score': 0.35, 'reserve_runway_risk': 0.25, 'social_stability_risk': 0.2, 'chain_transmission_severity_recent': 0.2}"
fiscal_w_0.40,fiscal_w,0.4,0.23076923076923073,0.18461538461538463,0.18461538461538463,LBN,Lebanon,0.30848635235732014,2,Gray,108.6500015258789,0,,0.0,,Gray,0.0,0.6709677419354838,low,1.0,0.6165313039960671,Chain transmission,,"{'fiscal_stress_score': 0.35, 'reserve_runway_risk': 0.25, 'social_stability_risk': 0.2, 'chain_transmission_severity_recent': 0.2}"
fiscal_w_0.40,fiscal_w,0.4,0.23076923076923073,0.18461538461538463,0.18461538461538463,BHR,Bahrain,0.3021418507590194,3,Amber,108.6500015258789,95,13.650001525878906,0.7833333333333333,12.5,Amber,0.0,0.3024414646273633,high,0.35499356031732526,0.2766695084260557,Reserve runway,,"{'fiscal_stress_score': 0.35, 'reserve_runway_risk': 0.25, 'social_stability_risk': 0.2, 'chain_transmission_severity_recent': 0.2}"
fiscal_w_0.40,fiscal_w,0.4,0.23076923076923073,0.18461538461538463,0.18461538461538463,DZA,Algeria,0.28480746831428555,4,Red,108.6500015258789,135,-26.349998474121094,0.3666666666666667,25.0,Amber,0.19518517388237847,0.2440063832844308,medium,0.4174661933394627,0.3095871041687209,Mixed,,"{'fiscal_stress_score': 0.35, 'reserve_runway_risk': 0.25, 'social_stability_risk': 0.2, 'chain_transmission_severity_recent': 0.2}"
fiscal_w_0.40,fiscal_w,0.4,0.23076923076923073,0.18461538461538463,0.18461538461538463,LBY,Libya,0.26460687677892625,5,Red,108.6500015258789,115,-6.349998474121094,0.0,100.0,Green,0.055217378035835596,0.41996582012134964,low,0.893683776686857,0.5605119833654026,Chain transmission,,"{'fiscal_stress_score': 0.35, 'reserve_runway_risk': 0.25, 'social_stability_risk': 0.2, 'chain_transmission_severity_recent': 0.2}"
fiscal_w_0.40,fiscal_w,0.4,0.23076923076923073,0.18461538461538463,0.18461538461538463,IRQ,Iraq,0.2572240570705244,6,Red,108.6500015258789,130,-21.349998474121094,0.0,40.0,Green,0.16423075749323918,0.5037448335994124,medium,0.5337188342972433,0.3708420449955208,Mixed,,"{'fiscal_stress_score': 0.35, 'reserve_runway_risk': 0.25, 'social_stability_risk': 0.2, 'chain_transmission_severity_recent': 0.2}"
fiscal_w_0.40,fiscal_w,0.4,0.23076923076923073,0.18461538461538463,0.18461538461538463,JOR,Jordan,0.12114546702596024,7,Gray,108.6500015258789,0,,0.0,,Gray,0.0,0.43544700814237125,high,0.22075760491491342,0.2059389388900922,Social stability,,"{'fiscal_stress_score': 0.35, 'reserve_runway_risk': 0.25, 'social_stability_risk': 0.2, 'chain_transmission_severity_recent': 0.2}"
fiscal_w_0.40,fiscal_w,0.4,0.23076923076923073,0.18461538461538463,0.18461538461538463,EGY,Egypt,0.11682750961814739,8,Green,108.6500015258789,45,63.650001525878906,0.0,,Gray,0.0,0.3177750552485924,high,0.315040621849706,0.2556178156513549,Mixed,,"{'fiscal_stress_score': 0.35, 'reserve_runway_risk': 0.25, 'social_stability_risk': 0.2, 'chain_transmission_severity_recent': 0.2}"
fiscal_w_0.40,fiscal_w,0.4,0.23076923076923073,0.18461538461538463,0.18461538461538463,OMN,Oman,0.0827458305506388,9,Green,108.6500015258789,90,18.650001525878906,0.0,,Gray,0.0,0.2441683278062743,high,0.20403825434301923,0.1971293082313286,Social stability,,"{'fiscal_stress_score': 0.35, 'reserve_runway_risk': 0.25, 'social_stability_risk': 0.2, 'chain_transmission_severity_recent': 0.2}"
fiscal_w_0.40,fiscal_w,0.4,0.23076923076923073,0.18461538461538463,0.18461538461538463,SAU,Saudi Arabia,0.06873691116518747,10,Green,108.6500015258789,80,28.650001525878906,0.0,,Gray,0.0,0.26006209272395653,high,0.11226284275414222,0.148771719449552,Social stability,,"{'fiscal_stress_score': 0.35, 'reserve_runway_risk': 0.25, 'social_stability_risk': 0.2, 'chain_transmission_severity_recent': 0.2}"
fiscal_w_0.40,fiscal_w,0.4,0.23076923076923073,0.18461538461538463,0.18461538461538463,KWT,Kuwait,0.06873305095164996,11,Green,108.6500015258789,50,58.650001525878906,0.0,,Gray,0.0,0.3723040259881039,high,0.0,0.0896190521785287,Social stability,,"{'fiscal_stress_score': 0.35, 'reserve_runway_risk': 0.25, 'social_stability_risk': 0.2, 'chain_transmission_severity_recent': 0.2}"
fiscal_w_0.40,fiscal_w,0.4,0.23076923076923073,0.18461538461538463,0.18461538461538463,QAT,Qatar,0.0455061165181357,12,Green,108.6500015258789,55,53.650001525878906,0.0,,Gray,0.0,0.22837303875976875,high,0.018118425713466262,0.0991658726706,Social stability,,"{'fiscal_stress_score': 0.35, 'reserve_runway_risk': 0.25, 'social_stability_risk': 0.2, 'chain_transmission_severity_recent': 0.2}"
fiscal_w_0.40,fiscal_w,0.4,0.23076923076923073,0.18461538461538463,0.18461538461538463,ARE,UAE,0.045117658155214596,13,Green,108.6500015258789,65,43.650001525878906,0.0,,Gray,0.0,0.2027947886550412,high,0.04159252635237118,0.1115346638976369,Social stability,,"{'fiscal_stress_score': 0.35, 'reserve_runway_risk': 0.25, 'social_stability_risk': 0.2, 'chain_transmission_severity_recent': 0.2}"
fiscal_w_0.40,fiscal_w,0.4,0.23076923076923073,0.18461538461538463,0.18461538461538463,MAR,Morocco,0.03389537612856036,14,Gray,108.6500015258789,0,,0.0,,Gray,0.0,0.06819204801200299,high,0.11540790601769897,0.1504288918158613,Chain transmission,,"{'fiscal_stress_score': 0.35, 'reserve_runway_risk': 0.25, 'social_stability_risk': 0.2, 'chain_transmission_severity_recent': 0.2}"
fiscal_w_0.45,fiscal_w,0.45,0.21153846153846154,0.16923076923076924,0.16923076923076924,IRN,Iran,0.3847237905330744,1,Red,108.6500015258789,130,-21.349998474121094,0.9777777777777777,6.666666666666667,Red,0.16423075749323918,0.204570220625422,low,0.4098708960589548,0.3055850489754248,Reserve runway,,"{'fiscal_stress_score': 0.35, 'reserve_runway_risk': 0.25, 'social_stability_risk': 0.2, 'chain_transmission_severity_recent': 0.2}"
fiscal_w_0.45,fiscal_w,0.45,0.21153846153846154,0.16923076923076924,0.16923076923076924,LBN,Lebanon,0.2827791563275434,2,Gray,108.6500015258789,0,,0.0,,Gray,0.0,0.6709677419354838,low,1.0,0.6165313039960671,Chain transmission,,"{'fiscal_stress_score': 0.35, 'reserve_runway_risk': 0.25, 'social_stability_risk': 0.2, 'chain_transmission_severity_recent': 0.2}"
fiscal_w_0.45,fiscal_w,0.45,0.21153846153846154,0.16923076923076924,0.16923076923076924,BHR,Bahrain,0.2769633631957678,4,Amber,108.6500015258789,95,13.650001525878906,0.7833333333333333,12.5,Amber,0.0,0.3024414646273633,high,0.35499356031732526,0.2766695084260557,Reserve runway,,"{'fiscal_stress_score': 0.35, 'reserve_runway_risk': 0.25, 'social_stability_risk': 0.2, 'chain_transmission_severity_recent': 0.2}"
fiscal_w_0.45,fiscal_w,0.45,0.21153846153846154,0.16923076923076924,0.16923076923076924,DZA,Algeria,0.2773389437782933,3,Red,108.6500015258789,135,-26.349998474121094,0.3666666666666667,25.0,Amber,0.19518517388237847,0.2440063832844308,medium,0.4174661933394627,0.3095871041687209,Mixed,,"{'fiscal_stress_score': 0.35, 'reserve_runway_risk': 0.25, 'social_stability_risk': 0.2, 'chain_transmission_severity_recent': 0.2}"
fiscal_w_0.45,fiscal_w,0.45,0.21153846153846154,0.16923076923076924,0.16923076923076924,LBY,Libya,0.24715775188366867,6,Red,108.6500015258789,115,-6.349998474121094,0.0,100.0,Green,0.055217378035835596,0.41996582012134964,low,0.893683776686857,0.5605119833654026,Chain transmission,,"{'fiscal_stress_score': 0.35, 'reserve_runway_risk': 0.25, 'social_stability_risk': 0.2, 'chain_transmission_severity_recent': 0.2}"
fiscal_w_0.45,fiscal_w,0.45,0.21153846153846154,0.16923076923076924,0.16923076923076924,IRQ,Iraq,0.249474615439084,5,Red,108.6500015258789,130,-21.349998474121094,0.0,40.0,Green,0.16423075749323918,0.5037448335994124,medium,0.5337188342972433,0.3708420449955208,Mixed,,"{'fiscal_stress_score': 0.35, 'reserve_runway_risk': 0.25, 'social_stability_risk': 0.2, 'chain_transmission_severity_recent': 0.2}"
fiscal_w_0.45,fiscal_w,0.45,0.21153846153846154,0.16923076923076924,0.16923076923076924,JOR,Jordan,0.11105001144046357,7,Gray,108.6500015258789,0,,0.0,,Gray,0.0,0.43544700814237125,high,0.22075760491491342,0.2059389388900922,Social stability,,"{'fiscal_stress_score': 0.35, 'reserve_runway_risk': 0.25, 'social_stability_risk': 0.2, 'chain_transmission_severity_recent': 0.2}"
fiscal_w_0.45,fiscal_w,0.45,0.21153846153846154,0.16923076923076924,0.16923076923076924,EGY,Egypt,0.10709188381663512,8,Green,108.6500015258789,45,63.650001525878906,0.0,,Gray,0.0,0.3177750552485924,high,0.315040621849706,0.2556178156513549,Mixed,,"{'fiscal_stress_score': 0.35, 'reserve_runway_risk': 0.25, 'social_stability_risk': 0.2, 'chain_transmission_severity_recent': 0.2}"
fiscal_w_0.45,fiscal_w,0.45,0.21153846153846154,0.16923076923076924,0.16923076923076924,OMN,Oman,0.0758503446714189,9,Green,108.6500015258789,90,18.650001525878906,0.0,,Gray,0.0,0.2441683278062743,high,0.20403825434301923,0.1971293082313286,Social stability,,"{'fiscal_stress_score': 0.35, 'reserve_runway_risk': 0.25, 'social_stability_risk': 0.2, 'chain_transmission_severity_recent': 0.2}"
fiscal_w_0.45,fiscal_w,0.45,0.21153846153846154,0.16923076923076924,0.16923076923076924,SAU,Saudi Arabia,0.06300883523475517,10,Green,108.6500015258789,80,28.650001525878906,0.0,,Gray,0.0,0.26006209272395653,high,0.11226284275414222,0.148771719449552,Social stability,,"{'fiscal_stress_score': 0.35, 'reserve_runway_risk': 0.25, 'social_stability_risk': 0.2, 'chain_transmission_severity_recent': 0.2}"
fiscal_w_0.45,fiscal_w,0.45,0.21153846153846154,0.16923076923076924,0.16923076923076924,KWT,Kuwait,0.06300529670567913,11,Green,108.6500015258789,50,58.650001525878906,0.0,,Gray,0.0,0.3723040259881039,high,0.0,0.0896190521785287,Social stability,,"{'fiscal_stress_score': 0.35, 'reserve_runway_risk': 0.25, 'social_stability_risk': 0.2, 'chain_transmission_severity_recent': 0.2}"
fiscal_w_0.45,fiscal_w,0.45,0.21153846153846154,0.16923076923076924,0.16923076923076924,QAT,Qatar,0.04171394014162439,12,Green,108.6500015258789,55,53.650001525878906,0.0,,Gray,0.0,0.22837303875976875,high,0.018118425713466262,0.0991658726706,Social stability,,"{'fiscal_stress_score': 0.35, 'reserve_runway_risk': 0.25, 'social_stability_risk': 0.2, 'chain_transmission_severity_recent': 0.2}"
fiscal_w_0.45,fiscal_w,0.45,0.21153846153846154,0.16923076923076924,0.16923076923076924,ARE,UAE,0.04135785330894671,13,Green,108.6500015258789,65,43.650001525878906,0.0,,Gray,0.0,0.2027947886550412,high,0.04159252635237118,0.1115346638976369,Social stability,,"{'fiscal_stress_score': 0.35, 'reserve_runway_risk': 0.25, 'social_stability_risk': 0.2, 'chain_transmission_severity_recent': 0.2}"
fiscal_w_0.45,fiscal_w,0.45,0.21153846153846154,0.16923076923076924,0.16923076923076924,MAR,Morocco,0.031070761451180335,14,Gray,108.6500015258789,0,,0.0,,Gray,0.0,0.06819204801200299,high,0.11540790601769897,0.1504288918158613,Chain transmission,,"{'fiscal_stress_score': 0.35, 'reserve_runway_risk': 0.25, 'social_stability_risk': 0.2, 'chain_transmission_severity_recent': 0.2}"
runway_w_0.15,runway_w,0.39666666666666667,0.15000000000000002,0.22666666666666668,0.22666666666666668,IRN,Iran,0.3510848535874437,2,Red,108.6500015258789,130,-21.349998474121094,0.9777777777777777,6.666666666666667,Red,0.16423075749323918,0.204570220625422,low,0.4098708960589548,0.3055850489754248,Reserve runway,,"{'fiscal_stress_score': 0.35, 'reserve_runway_risk': 0.25, 'social_stability_risk': 0.2, 'chain_transmission_severity_recent': 0.2}"
runway_w_0.15,runway_w,0.39666666666666667,0.15000000000000002,0.22666666666666668,0.22666666666666668,LBN,Lebanon,0.378752688172043,1,Gray,108.6500015258789,0,,0.0,,Gray,0.0,0.6709677419354838,low,1.0,0.6165313039960671,Chain transmission,,"{'fiscal_stress_score': 0.35, 'reserve_runway_risk': 0.25, 'social_stability_risk': 0.2, 'chain_transmission_severity_recent': 0.2}"
runway_w_0.15,runway_w,0.39666666666666667,0.15000000000000002,0.22666666666666668,0.22666666666666668,BHR,Bahrain,0.26651860565412944,6,Amber,108.6500015258789,95,13.650001525878906,0.7833333333333333,12.5,Amber,0.0,0.3024414646273633,high,0.35499356031732526,0.2766695084260557,Reserve runway,,"{'fiscal_stress_score': 0.35, 'reserve_runway_risk': 0.25, 'social_stability_risk': 0.2, 'chain_transmission_severity_recent': 0.2}"
runway_w_0.15,runway_w,0.39666666666666667,0.15000000000000002,0.22666666666666668,0.22666666666666668,DZA,Algeria,0.282357236341426,5,Red,108.6500015258789,135,-26.349998474121094,0.3666666666666667,25.0,Amber,0.19518517388237847,0.2440063832844308,medium,0.4174661933394627,0.3095871041687209,Mixed,,"{'fiscal_stress_score': 0.35, 'reserve_runway_risk': 0.25, 'social_stability_risk': 0.2, 'chain_transmission_severity_recent': 0.2}"
runway_w_0.15,runway_w,0.39666666666666667,0.15000000000000002,0.22666666666666668,0.22666666666666668,LBY,Libya,0.31966346856407496,3,Red,108.6500015258789,115,-6.349998474121094,0.0,100.0,Green,0.055217378035835596,0.41996582012134964,low,0.893683776686857,0.5605119833654026,Chain transmission,,"{'fiscal_stress_score': 0.35, 'reserve_runway_risk': 0.25, 'social_stability_risk': 0.2, 'chain_transmission_severity_recent': 0.2}"
runway_w_0.15,runway_w,0.39666666666666667,0.15000000000000002,0.22666666666666668,0.22666666666666668,IRQ,Iraq,0.3003032985288935,4,Red,108.6500015258789,130,-21.349998474121094,0.0,40.0,Green,0.16423075749323918,0.5037448335994124,medium,0.5337188342972433,0.3708420449955208,Mixed,,"{'fiscal_stress_score': 0.35, 'reserve_runway_risk': 0.25, 'social_stability_risk': 0.2, 'chain_transmission_severity_recent': 0.2}"
runway_w_0.15,runway_w,0.39666666666666667,0.15000000000000002,0.22666666666666668,0.22666666666666668,JOR,Jordan,0.14873971229298452,7,Gray,108.6500015258789,0,,0.0,,Gray,0.0,0.43544700814237125,high,0.22075760491491342,0.2059389388900922,Social stability,,"{'fiscal_stress_score': 0.35, 'reserve_runway_risk': 0.25, 'social_stability_risk': 0.2, 'chain_transmission_severity_recent': 0.2}"
runway_w_0.15,runway_w,0.39666666666666667,0.15000000000000002,0.22666666666666668,0.22666666666666668,EGY,Egypt,0.14343822014228097,8,Green,108.6500015258789,45,63.650001525878906,0.0,,Gray,0.0,0.3177750552485924,high,0.315040621849706,0.2556178156513549,Mixed,,"{'fiscal_stress_score': 0.35, 'reserve_runway_risk': 0.25, 'social_stability_risk': 0.2, 'chain_transmission_severity_recent': 0.2}"
runway_w_0.15,runway_w,0.39666666666666667,0.15000000000000002,0.22666666666666668,0.22666666666666668,OMN,Oman,0.10159349195383988,9,Green,108.6500015258789,90,18.650001525878906,0.0,,Gray,0.0,0.2441683278062743,high,0.20403825434301923,0.1971293082313286,Social stability,,"{'fiscal_stress_score': 0.35, 'reserve_runway_risk': 0.25, 'social_stability_risk': 0.2, 'chain_transmission_severity_recent': 0.2}"
runway_w_0.15,runway_w,0.39666666666666667,0.15000000000000002,0.22666666666666668,0.22666666666666668,SAU,Saudi Arabia,0.08439365204170239,10,Green,108.6500015258789,80,28.650001525878906,0.0,,Gray,0.0,0.26006209272395653,high,0.11226284275414222,0.148771719449552,Social stability,,"{'fiscal_stress_score': 0.35, 'reserve_runway_risk': 0.25, 'social_stability_risk': 0.2, 'chain_transmission_severity_recent': 0.2}"
runway_w_0.15,runway_w,0.39666666666666667,0.15000000000000002,0.22666666666666668,0.22666666666666668,KWT,Kuwait,0.08438891255730356,11,Green,108.6500015258789,50,58.650001525878906,0.0,,Gray,0.0,0.3723040259881039,high,0.0,0.0896190521785287,Social stability,,"{'fiscal_stress_score': 0.35, 'reserve_runway_risk': 0.25, 'social_stability_risk': 0.2, 'chain_transmission_severity_recent': 0.2}"
runway_w_0.15,runway_w,0.39666666666666667,0.15000000000000002,0.22666666666666668,0.22666666666666668,QAT,Qatar,0.055871398613933275,12,Green,108.6500015258789,55,53.650001525878906,0.0,,Gray,0.0,0.22837303875976875,high,0.018118425713466262,0.0991658726706,Social stability,,"{'fiscal_stress_score': 0.35, 'reserve_runway_risk': 0.25, 'social_stability_risk': 0.2, 'chain_transmission_severity_recent': 0.2}"
runway_w_0.15,runway_w,0.39666666666666667,0.15000000000000002,0.22666666666666668,0.22666666666666668,ARE,UAE,0.05539445806834681,13,Green,108.6500015258789,65,43.650001525878906,0.0,,Gray,0.0,0.2027947886550412,high,0.04159252635237118,0.1115346638976369,Social stability,,"{'fiscal_stress_score': 0.35, 'reserve_runway_risk': 0.25, 'social_stability_risk': 0.2, 'chain_transmission_severity_recent': 0.2}"
runway_w_0.15,runway_w,0.39666666666666667,0.15000000000000002,0.22666666666666668,0.22666666666666668,MAR,Morocco,0.04161598958006578,14,Gray,108.6500015258789,0,,0.0,,Gray,0.0,0.06819204801200299,high,0.11540790601769897,0.1504288918158613,Chain transmission,,"{'fiscal_stress_score': 0.35, 'reserve_runway_risk': 0.25, 'social_stability_risk': 0.2, 'chain_transmission_severity_recent': 0.2}"
runway_w_0.20,runway_w,0.3733333333333333,0.2,0.21333333333333335,0.21333333333333335,IRN,Iran,0.38794914324569857,1,Red,108.6500015258789,130,-21.349998474121094,0.9777777777777777,6.666666666666667,Red,0.16423075749323918,0.204570220625422,low,0.4098708960589548,0.3055850489754248,Reserve runway,,"{'fiscal_stress_score': 0.35, 'reserve_runway_risk': 0.25, 'social_stability_risk': 0.2, 'chain_transmission_severity_recent': 0.2}"
runway_w_0.20,runway_w,0.3733333333333333,0.2,0.21333333333333335,0.21333333333333335,LBN,Lebanon,0.3564731182795699,2,Gray,108.6500015258789,0,,0.0,,Gray,0.0,0.6709677419354838,low,1.0,0.6165313039960671,Chain transmission,,"{'fiscal_stress_score': 0.35, 'reserve_runway_risk': 0.25, 'social_stability_risk': 0.2, 'chain_transmission_severity_recent': 0.2}"
runway_w_0.20,runway_w,0.3733333333333333,0.2,0.21333333333333335,0.21333333333333335,BHR,Bahrain,0.29691947198820023,4,Amber,108.6500015258789,95,13.650001525878906,0.7833333333333333,12.5,Amber,0.0,0.3024414646273633,high,0.35499356031732526,0.2766695084260557,Reserve runway,,"{'fiscal_stress_score': 0.35, 'reserve_runway_risk': 0.25, 'social_stability_risk': 0.2, 'chain_transmission_severity_recent': 0.2}"
runway_w_0.20,runway_w,0.3733333333333333,0.2,0.21333333333333335,0.21333333333333335,DZA,Algeria,0.28731661459585195,5,Red,108.6500015258789,135,-26.349998474121094,0.3666666666666667,25.0,Amber,0.19518517388237847,0.2440063832844308,medium,0.4174661933394627,0.3095871041687209,Mixed,,"{'fiscal_stress_score': 0.35, 'reserve_runway_risk': 0.25, 'social_stability_risk': 0.2, 'chain_transmission_severity_recent': 0.2}"
runway_w_0.20,runway_w,0.3733333333333333,0.2,0.21333333333333335,0.21333333333333335,LBY,Libya,0.3008597351191294,3,Red,108.6500015258789,115,-6.349998474121094,0.0,100.0,Green,0.055217378035835596,0.41996582012134964,low,0.893683776686857,0.5605119833654026,Chain transmission,,"{'fiscal_stress_score': 0.35, 'reserve_runway_risk': 0.25, 'social_stability_risk': 0.2, 'chain_transmission_severity_recent': 0.2}"
runway_w_0.20,runway_w,0.3733333333333333,0.2,0.21333333333333335,0.21333333333333335,IRQ,Iraq,0.28263839861542916,6,Red,108.6500015258789,130,-21.349998474121094,0.0,40.0,Green,0.16423075749323918,0.5037448335994124,medium,0.5337188342972433,0.3708420449955208,Mixed,,"{'fiscal_stress_score': 0.35, 'reserve_runway_risk': 0.25, 'social_stability_risk': 0.2, 'chain_transmission_severity_recent': 0.2}"
runway_w_0.20,runway_w,0.3733333333333333,0.2,0.21333333333333335,0.21333333333333335,JOR,Jordan,0.13999031745222074,7,Gray,108.6500015258789,0,,0.0,,Gray,0.0,0.43544700814237125,high,0.22075760491491342,0.2059389388900922,Social stability,,"{'fiscal_stress_score': 0.35, 'reserve_runway_risk': 0.25, 'social_stability_risk': 0.2, 'chain_transmission_severity_recent': 0.2}"
runway_w_0.20,runway_w,0.3733333333333333,0.2,0.21333333333333335,0.21333333333333335,EGY,Egypt,0.13500067778097036,8,Green,108.6500015258789,45,63.650001525878906,0.0,,Gray,0.0,0.3177750552485924,high,0.315040621849706,0.2556178156513549,Mixed,,"{'fiscal_stress_score': 0.35, 'reserve_runway_risk': 0.25, 'social_stability_risk': 0.2, 'chain_transmission_severity_recent': 0.2}"
runway_w_0.20,runway_w,0.3733333333333333,0.2,0.21333333333333335,0.21333333333333335,OMN,Oman,0.09561740419184929,9,Green,108.6500015258789,90,18.650001525878906,0.0,,Gray,0.0,0.2441683278062743,high,0.20403825434301923,0.1971293082313286,Social stability,,"{'fiscal_stress_score': 0.35, 'reserve_runway_risk': 0.25, 'social_stability_risk': 0.2, 'chain_transmission_severity_recent': 0.2}"
runway_w_0.20,runway_w,0.3733333333333333,0.2,0.21333333333333335,0.21333333333333335,SAU,Saudi Arabia,0.07942931956866107,10,Green,108.6500015258789,80,28.650001525878906,0.0,,Gray,0.0,0.26006209272395653,high,0.11226284275414222,0.148771719449552,Social stability,,"{'fiscal_stress_score': 0.35, 'reserve_runway_risk': 0.25, 'social_stability_risk': 0.2, 'chain_transmission_severity_recent': 0.2}"
runway_w_0.20,runway_w,0.3733333333333333,0.2,0.21333333333333335,0.21333333333333335,KWT,Kuwait,0.07942485887746217,11,Green,108.6500015258789,50,58.650001525878906,0.0,,Gray,0.0,0.3723040259881039,high,0.0,0.0896190521785287,Social stability,,"{'fiscal_stress_score': 0.35, 'reserve_runway_risk': 0.25, 'social_stability_risk': 0.2, 'chain_transmission_severity_recent': 0.2}"
runway_w_0.20,runway_w,0.3733333333333333,0.2,0.21333333333333335,0.21333333333333335,QAT,Qatar,0.05258484575429014,12,Green,108.6500015258789,55,53.650001525878906,0.0,,Gray,0.0,0.22837303875976875,high,0.018118425713466262,0.0991658726706,Social stability,,"{'fiscal_stress_score': 0.35, 'reserve_runway_risk': 0.25, 'social_stability_risk': 0.2, 'chain_transmission_severity_recent': 0.2}"
runway_w_0.20,runway_w,0.3733333333333333,0.2,0.21333333333333335,0.21333333333333335,ARE,UAE,0.05213596053491464,13,Green,108.6500015258789,65,43.650001525878906,0.0,,Gray,0.0,0.2027947886550412,high,0.04159252635237118,0.1115346638976369,Social stability,,"{'fiscal_stress_score': 0.35, 'reserve_runway_risk': 0.25, 'social_stability_risk': 0.2, 'chain_transmission_severity_recent': 0.2}"
runway_w_0.20,runway_w,0.3733333333333333,0.2,0.21333333333333335,0.21333333333333335,MAR,Morocco,0.039167990193003085,14,Gray,108.6500015258789,0,,0.0,,Gray,0.0,0.06819204801200299,high,0.11540790601769897,0.1504288918158613,Chain transmission,,"{'fiscal_stress_score': 0.35, 'reserve_runway_risk': 0.25, 'social_stability_risk': 0.2, 'chain_transmission_severity_recent': 0.2}"
runway_w_0.30,runway_w,0.32666666666666666,0.30000000000000004,0.18666666666666668,0.18666666666666668,IRN,Iran,0.4616777225622085,1,Red,108.6500015258789,130,-21.349998474121094,0.9777777777777777,6.666666666666667,Red,0.16423075749323918,0.204570220625422,low,0.4098708960589548,0.3055850489754248,Reserve runway,,"{'fiscal_stress_score': 0.35, 'reserve_runway_risk': 0.25, 'social_stability_risk': 0.2, 'chain_transmission_severity_recent': 0.2}"
runway_w_0.30,runway_w,0.32666666666666666,0.30000000000000004,0.18666666666666668,0.18666666666666668,LBN,Lebanon,0.31191397849462366,3,Gray,108.6500015258789,0,,0.0,,Gray,0.0,0.6709677419354838,low,1.0,0.6165313039960671,Chain transmission,,"{'fiscal_stress_score': 0.35, 'reserve_runway_risk': 0.25, 'social_stability_risk': 0.2, 'chain_transmission_severity_recent': 0.2}"
runway_w_0.30,runway_w,0.32666666666666666,0.30000000000000004,0.18666666666666668,0.18666666666666668,BHR,Bahrain,0.35772120465634194,2,Amber,108.6500015258789,95,13.650001525878906,0.7833333333333333,12.5,Amber,0.0,0.3024414646273633,high,0.35499356031732526,0.2766695084260557,Reserve runway,,"{'fiscal_stress_score': 0.35, 'reserve_runway_risk': 0.25, 'social_stability_risk': 0.2, 'chain_transmission_severity_recent': 0.2}"
runway_w_0.30,runway_w,0.32666666666666666,0.30000000000000004,0.18666666666666668,0.18666666666666668,DZA,Algeria,0.29723537110470377,4,Red,108.6500015258789,135,-26.349998474121094,0.3666666666666667,25.0,Amber,0.19518517388237847,0.2440063832844308,medium,0.4174661933394627,0.3095871041687209,Mixed,,"{'fiscal_stress_score': 0.35, 'reserve_runway_risk': 0.25, 'social_stability_risk': 0.2, 'chain_transmission_severity_recent': 0.2}"
runway_w_0.30,runway_w,0.32666666666666666,0.30000000000000004,0.18666666666666668,0.18666666666666668,LBY,Libya,0.2632522682292382,5,Red,108.6500015258789,115,-6.349998474121094,0.0,100.0,Green,0.055217378035835596,0.41996582012134964,low,0.893683776686857,0.5605119833654026,Chain transmission,,"{'fiscal_stress_score': 0.35, 'reserve_runway_risk': 0.25, 'social_stability_risk': 0.2, 'chain_transmission_severity_recent': 0.2}"
runway_w_0.30,runway_w,0.32666666666666666,0.30000000000000004,0.18666666666666668,0.18666666666666668,IRQ,Iraq,0.24730859878850053,6,Red,108.6500015258789,130,-21.349998474121094,0.0,40.0,Green,0.16423075749323918,0.5037448335994124,medium,0.5337188342972433,0.3708420449955208,Mixed,,"{'fiscal_stress_score': 0.35, 'reserve_runway_risk': 0.25, 'social_stability_risk': 0.2, 'chain_transmission_severity_recent': 0.2}"
runway_w_0.30,runway_w,0.32666666666666666,0.30000000000000004,0.18666666666666668,0.18666666666666668,JOR,Jordan,0.12249152777069315,7,Gray,108.6500015258789,0,,0.0,,Gray,0.0,0.43544700814237125,high,0.22075760491491342,0.2059389388900922,Social stability,,"{'fiscal_stress_score': 0.35, 'reserve_runway_risk': 0.25, 'social_stability_risk': 0.2, 'chain_transmission_severity_recent': 0.2}"
runway_w_0.30,runway_w,0.32666666666666666,0.30000000000000004,0.18666666666666668,0.18666666666666668,EGY,Egypt,0.11812559305834903,8,Green,108.6500015258789,45,63.650001525878906,0.0,,Gray,0.0,0.3177750552485924,high,0.315040621849706,0.2556178156513549,Mixed,,"{'fiscal_stress_score': 0.35, 'reserve_runway_risk': 0.25, 'social_stability_risk': 0.2, 'chain_transmission_severity_recent': 0.2}"
runway_w_0.30,runway_w,0.32666666666666666,0.30000000000000004,0.18666666666666668,0.18666666666666668,OMN,Oman,0.08366522866786813,9,Green,108.6500015258789,90,18.650001525878906,0.0,,Gray,0.0,0.2441683278062743,high,0.20403825434301923,0.1971293082313286,Social stability,,"{'fiscal_stress_score': 0.35, 'reserve_runway_risk': 0.25, 'social_stability_risk': 0.2, 'chain_transmission_severity_recent': 0.2}"
runway_w_0.30,runway_w,0.32666666666666666,0.30000000000000004,0.18666666666666668,0.18666666666666668,SAU,Saudi Arabia,0.06950065462257844,10,Green,108.6500015258789,80,28.650001525878906,0.0,,Gray,0.0,0.26006209272395653,high,0.11226284275414222,0.148771719449552,Social stability,,"{'fiscal_stress_score': 0.35, 'reserve_runway_risk': 0.25, 'social_stability_risk': 0.2, 'chain_transmission_severity_recent': 0.2}"
runway_w_0.30,runway_w,0.32666666666666666,0.30000000000000004,0.18666666666666668,0.18666666666666668,KWT,Kuwait,0.0694967515177794,11,Green,108.6500015258789,50,58.650001525878906,0.0,,Gray,0.0,0.3723040259881039,high,0.0,0.0896190521785287,Social stability,,"{'fiscal_stress_score': 0.35, 'reserve_runway_risk': 0.25, 'social_stability_risk': 0.2, 'chain_transmission_severity_recent': 0.2}"
runway_w_0.30,runway_w,0.32666666666666666,0.30000000000000004,0.18666666666666668,0.18666666666666668,QAT,Qatar,0.04601174003500388,12,Green,108.6500015258789,55,53.650001525878906,0.0,,Gray,0.0,0.22837303875976875,high,0.018118425713466262,0.0991658726706,Social stability,,"{'fiscal_stress_score': 0.35, 'reserve_runway_risk': 0.25, 'social_stability_risk': 0.2, 'chain_transmission_severity_recent': 0.2}"
runway_w_0.30,runway_w,0.32666666666666666,0.30000000000000004,0.18666666666666668,0.18666666666666668,ARE,UAE,0.04561896546805031,13,Green,108.6500015258789,65,43.650001525878906,0.0,,Gray,0.0,0.2027947886550412,high,0.04159252635237118,0.1115346638976369,Social stability,,"{'fiscal_stress_score': 0.35, 'reserve_runway_risk': 0.25, 'social_stability_risk': 0.2, 'chain_transmission_severity_recent': 0.2}"
runway_w_0.30,runway_w,0.32666666666666666,0.30000000000000004,0.18666666666666668,0.18666666666666668,MAR,Morocco,0.0342719914188777,14,Gray,108.6500015258789,0,,0.0,,Gray,0.0,0.06819204801200299,high,0.11540790601769897,0.1504288918158613,Chain transmission,,"{'fiscal_stress_score': 0.35, 'reserve_runway_risk': 0.25, 'social_stability_risk': 0.2, 'chain_transmission_severity_recent': 0.2}"
runway_w_0.35,runway_w,0.3033333333333333,0.35,0.17333333333333334,0.17333333333333334,IRN,Iran,0.4985420122204634,1,Red,108.6500015258789,130,-21.349998474121094,0.9777777777777777,6.666666666666667,Red,0.16423075749323918,0.204570220625422,low,0.4098708960589548,0.3055850489754248,Reserve runway,,"{'fiscal_stress_score': 0.35, 'reserve_runway_risk': 0.25, 'social_stability_risk': 0.2, 'chain_transmission_severity_recent': 0.2}"
runway_w_0.35,runway_w,0.3033333333333333,0.35,0.17333333333333334,0.17333333333333334,LBN,Lebanon,0.2896344086021505,4,Gray,108.6500015258789,0,,0.0,,Gray,0.0,0.6709677419354838,low,1.0,0.6165313039960671,Chain transmission,,"{'fiscal_stress_score': 0.35, 'reserve_runway_risk': 0.25, 'social_stability_risk': 0.2, 'chain_transmission_severity_recent': 0.2}"
runway_w_0.35,runway_w,0.3033333333333333,0.35,0.17333333333333334,0.17333333333333334,BHR,Bahrain,0.3881220709904127,2,Amber,108.6500015258789,95,13.650001525878906,0.7833333333333333,12.5,Amber,0.0,0.3024414646273633,high,0.35499356031732526,0.2766695084260557,Reserve runway,,"{'fiscal_stress_score': 0.35, 'reserve_runway_risk': 0.25, 'social_stability_risk': 0.2, 'chain_transmission_severity_recent': 0.2}"
runway_w_0.35,runway_w,0.3033333333333333,0.35,0.17333333333333334,0.17333333333333334,DZA,Algeria,0.30219474935912966,3,Red,108.6500015258789,135,-26.349998474121094,0.3666666666666667,25.0,Amber,0.19518517388237847,0.2440063832844308,medium,0.4174661933394627,0.3095871041687209,Mixed,,"{'fiscal_stress_score': 0.35, 'reserve_runway_risk': 0.25, 'social_stability_risk': 0.2, 'chain_transmission_severity_recent': 0.2}"
runway_w_0.35,runway_w,0.3033333333333333,0.35,0.17333333333333334,0.17333333333333334,LBY,Libya,0.2444485347842926,5,Red,108.6500015258789,115,-6.349998474121094,0.0,100.0,Green,0.055217378035835596,0.41996582012134964,low,0.893683776686857,0.5605119833654026,Chain transmission,,"{'fiscal_stress_score': 0.35, 'reserve_runway_risk': 0.25, 'social_stability_risk': 0.2, 'chain_transmission_severity_recent': 0.2}"
runway_w_0.35,runway_w,0.3033333333333333,0.35,0.17333333333333334,0.17333333333333334,IRQ,Iraq,0.2296436988750362,6,Red,108.6500015258789,130,-21.349998474121094,0.0,40.0,Green,0.16423075749323918,0.5037448335994124,medium,0.5337188342972433,0.3708420449955208,Mixed,,"{'fiscal_stress_score': 0.35, 'reserve_runway_risk': 0.25, 'social_stability_risk': 0.2, 'chain_transmission_severity_recent': 0.2}"
runway_w_0.35,runway_w,0.3033333333333333,0.35,0.17333333333333334,0.17333333333333334,JOR,Jordan,0.11374213292992934,7,Gray,108.6500015258789,0,,0.0,,Gray,0.0,0.43544700814237125,high,0.22075760491491342,0.2059389388900922,Social stability,,"{'fiscal_stress_score': 0.35, 'reserve_runway_risk': 0.25, 'social_stability_risk': 0.2, 'chain_transmission_severity_recent': 0.2}"
runway_w_0.35,runway_w,0.3033333333333333,0.35,0.17333333333333334,0.17333333333333334,EGY,Egypt,0.10968805069703838,8,Green,108.6500015258789,45,63.650001525878906,0.0,,Gray,0.0,0.3177750552485924,high,0.315040621849706,0.2556178156513549,Mixed,,"{'fiscal_stress_score': 0.35, 'reserve_runway_risk': 0.25, 'social_stability_risk': 0.2, 'chain_transmission_severity_recent': 0.2}"
runway_w_0.35,runway_w,0.3033333333333333,0.35,0.17333333333333334,0.17333333333333334,OMN,Oman,0.07768914090587754,9,Green,108.6500015258789,90,18.650001525878906,0.0,,Gray,0.0,0.2441683278062743,high,0.20403825434301923,0.1971293082313286,Social stability,,"{'fiscal_stress_score': 0.35, 'reserve_runway_risk': 0.25, 'social_stability_risk': 0.2, 'chain_transmission_severity_recent': 0.2}"
runway_w_0.35,runway_w,0.3033333333333333,0.35,0.17333333333333334,0.17333333333333334,SAU,Saudi Arabia,0.06453632214953711,10,Green,108.6500015258789,80,28.650001525878906,0.0,,Gray,0.0,0.26006209272395653,high,0.11226284275414222,0.148771719449552,Social stability,,"{'fiscal_stress_score': 0.35, 'reserve_runway_risk': 0.25, 'social_stability_risk': 0.2, 'chain_transmission_severity_recent': 0.2}"
runway_w_0.35,runway_w,0.3033333333333333,0.35,0.17333333333333334,0.17333333333333334,KWT,Kuwait,0.06453269783793801,11,Green,108.6500015258789,50,58.650001525878906,0.0,,Gray,0.0,0.3723040259881039,high,0.0,0.0896190521785287,Social stability,,"{'fiscal_stress_score': 0.35, 'reserve_runway_risk': 0.25, 'social_stability_risk': 0.2, 'chain_transmission_severity_recent': 0.2}"
runway_w_0.35,runway_w,0.3033333333333333,0.35,0.17333333333333334,0.17333333333333334,QAT,Qatar,0.04272518717536074,12,Green,108.6500015258789,55,53.650001525878906,0.0,,Gray,0.0,0.22837303875976875,high,0.018118425713466262,0.0991658726706,Social stability,,"{'fiscal_stress_score': 0.35, 'reserve_runway_risk': 0.25, 'social_stability_risk': 0.2, 'chain_transmission_severity_recent': 0.2}"
runway_w_0.35,runway_w,0.3033333333333333,0.35,0.17333333333333334,0.17333333333333334,ARE,UAE,0.042360467934618146,13,Green,108.6500015258789,65,43.650001525878906,0.0,,Gray,0.0,0.2027947886550412,high,0.04159252635237118,0.1115346638976369,Social stability,,"{'fiscal_stress_score': 0.35, 'reserve_runway_risk': 0.25, 'social_stability_risk': 0.2, 'chain_transmission_severity_recent': 0.2}"
runway_w_0.35,runway_w,0.3033333333333333,0.35,0.17333333333333334,0.17333333333333334,MAR,Morocco,0.031823992031815004,14,Gray,108.6500015258789,0,,0.0,,Gray,0.0,0.06819204801200299,high,0.11540790601769897,0.1504288918158613,Chain transmission,,"{'fiscal_stress_score': 0.35, 'reserve_runway_risk': 0.25, 'social_stability_risk': 0.2, 'chain_transmission_severity_recent': 0.2}"
social_w_0.10,social_w,0.39374999999999993,0.28125,0.1,0.225,IRN,Iran,0.4523438344387699,1,Red,108.6500015258789,130,-21.349998474121094,0.9777777777777777,6.666666666666667,Red,0.16423075749323918,0.204570220625422,low,0.4098708960589548,0.3055850489754248,Reserve runway,,"{'fiscal_stress_score': 0.35, 'reserve_runway_risk': 0.25, 'social_stability_risk': 0.2, 'chain_transmission_severity_recent': 0.2}"
social_w_0.10,social_w,0.39374999999999993,0.28125,0.1,0.225,LBN,Lebanon,0.2920967741935484,4,Gray,108.6500015258789,0,,0.0,,Gray,0.0,0.6709677419354838,low,1.0,0.6165313039960671,Chain transmission,,"{'fiscal_stress_score': 0.35, 'reserve_runway_risk': 0.25, 'social_stability_risk': 0.2, 'chain_transmission_severity_recent': 0.2}"
social_w_0.10,social_w,0.39374999999999993,0.28125,0.1,0.225,BHR,Bahrain,0.3304301975341345,2,Amber,108.6500015258789,95,13.650001525878906,0.7833333333333333,12.5,Amber,0.0,0.3024414646273633,high,0.35499356031732526,0.2766695084260557,Reserve runway,,"{'fiscal_stress_score': 0.35, 'reserve_runway_risk': 0.25, 'social_stability_risk': 0.2, 'chain_transmission_severity_recent': 0.2}"
social_w_0.10,social_w,0.39374999999999993,0.28125,0.1,0.225,DZA,Algeria,0.2983096940460087,3,Red,108.6500015258789,135,-26.349998474121094,0.3666666666666667,25.0,Amber,0.19518517388237847,0.2440063832844308,medium,0.4174661933394627,0.3095871041687209,Mixed,,"{'fiscal_stress_score': 0.35, 'reserve_runway_risk': 0.25, 'social_stability_risk': 0.2, 'chain_transmission_severity_recent': 0.2}"
social_w_0.10,social_w,0.39374999999999993,0.28125,0.1,0.225,LBY,Libya,0.26481727436828806,5,Red,108.6500015258789,115,-6.349998474121094,0.0,100.0,Green,0.055217378035835596,0.41996582012134964,low,0.893683776686857,0.5605119833654026,Chain transmission,,"{'fiscal_stress_score': 0.35, 'reserve_runway_risk': 0.25, 'social_stability_risk': 0.2, 'chain_transmission_severity_recent': 0.2}"
social_w_0.10,social_w,0.39374999999999993,0.28125,0.1,0.225,IRQ,Iraq,0.23512708183978392,6,Red,108.6500015258789,130,-21.349998474121094,0.0,40.0,Green,0.16423075749323918,0.5037448335994124,medium,0.5337188342972433,0.3708420449955208,Mixed,,"{'fiscal_stress_score': 0.35, 'reserve_runway_risk': 0.25, 'social_stability_risk': 0.2, 'chain_transmission_severity_recent': 0.2}"
social_w_0.10,social_w,0.39374999999999993,0.28125,0.1,0.225,JOR,Jordan,0.09321516192009265,8,Gray,108.6500015258789,0,,0.0,,Gray,0.0,0.43544700814237125,high,0.22075760491491342,0.2059389388900922,Social stability,,"{'fiscal_stress_score': 0.35, 'reserve_runway_risk': 0.25, 'social_stability_risk': 0.2, 'chain_transmission_severity_recent': 0.2}"
social_w_0.10,social_w,0.39374999999999993,0.28125,0.1,0.225,EGY,Egypt,0.10266164544104309,7,Green,108.6500015258789,45,63.650001525878906,0.0,,Gray,0.0,0.3177750552485924,high,0.315040621849706,0.2556178156513549,Mixed,,"{'fiscal_stress_score': 0.35, 'reserve_runway_risk': 0.25, 'social_stability_risk': 0.2, 'chain_transmission_severity_recent': 0.2}"
social_w_0.10,social_w,0.39374999999999993,0.28125,0.1,0.225,OMN,Oman,0.07032544000780676,9,Green,108.6500015258789,90,18.650001525878906,0.0,,Gray,0.0,0.2441683278062743,high,0.20403825434301923,0.1971293082313286,Social stability,,"{'fiscal_stress_score': 0.35, 'reserve_runway_risk': 0.25, 'social_stability_risk': 0.2, 'chain_transmission_severity_recent': 0.2}"
social_w_0.10,social_w,0.39374999999999993,0.28125,0.1,0.225,SAU,Saudi Arabia,0.05126534889207765,10,Green,108.6500015258789,80,28.650001525878906,0.0,,Gray,0.0,0.26006209272395653,high,0.11226284275414222,0.148771719449552,Social stability,,"{'fiscal_stress_score': 0.35, 'reserve_runway_risk': 0.25, 'social_stability_risk': 0.2, 'chain_transmission_severity_recent': 0.2}"
social_w_0.10,social_w,0.39374999999999993,0.28125,0.1,0.225,KWT,Kuwait,0.03723040259881039,11,Green,108.6500015258789,50,58.650001525878906,0.0,,Gray,0.0,0.3723040259881039,high,0.0,0.0896190521785287,Social stability,,"{'fiscal_stress_score': 0.35, 'reserve_runway_risk': 0.25, 'social_stability_risk': 0.2, 'chain_transmission_severity_recent': 0.2}"
social_w_0.10,social_w,0.39374999999999993,0.28125,0.1,0.225,QAT,Qatar,0.026913949661506786,14,Green,108.6500015258789,55,53.650001525878906,0.0,,Gray,0.0,0.22837303875976875,high,0.018118425713466262,0.0991658726706,Social stability,,"{'fiscal_stress_score': 0.35, 'reserve_runway_risk': 0.25, 'social_stability_risk': 0.2, 'chain_transmission_severity_recent': 0.2}"
social_w_0.10,social_w,0.39374999999999993,0.28125,0.1,0.225,ARE,UAE,0.029637797294787636,13,Green,108.6500015258789,65,43.650001525878906,0.0,,Gray,0.0,0.2027947886550412,high,0.04159252635237118,0.1115346638976369,Social stability,,"{'fiscal_stress_score': 0.35, 'reserve_runway_risk': 0.25, 'social_stability_risk': 0.2, 'chain_transmission_severity_recent': 0.2}"
social_w_0.10,social_w,0.39374999999999993,0.28125,0.1,0.225,MAR,Morocco,0.032785983655182566,12,Gray,108.6500015258789,0,,0.0,,Gray,0.0,0.06819204801200299,high,0.11540790601769897,0.1504288918158613,Chain transmission,,"{'fiscal_stress_score': 0.35, 'reserve_runway_risk': 0.25, 'social_stability_risk': 0.2, 'chain_transmission_severity_recent': 0.2}"
social_w_0.15,social_w,0.37187499999999996,0.265625,0.15,0.2125,IRN,Iran,0.4385786336713617,1,Red,108.6500015258789,130,-21.349998474121094,0.9777777777777777,6.666666666666667,Red,0.16423075749323918,0.204570220625422,low,0.4098708960589548,0.3055850489754248,Reserve runway,,"{'fiscal_stress_score': 0.35, 'reserve_runway_risk': 0.25, 'social_stability_risk': 0.2, 'chain_transmission_severity_recent': 0.2}"
social_w_0.15,social_w,0.37187499999999996,0.265625,0.15,0.2125,LBN,Lebanon,0.31314516129032255,3,Gray,108.6500015258789,0,,0.0,,Gray,0.0,0.6709677419354838,low,1.0,0.6165313039960671,Chain transmission,,"{'fiscal_stress_score': 0.35, 'reserve_runway_risk': 0.25, 'social_stability_risk': 0.2, 'chain_transmission_severity_recent': 0.2}"
social_w_0.15,social_w,0.37187499999999996,0.265625,0.15,0.2125,BHR,Bahrain,0.32887526792820276,2,Amber,108.6500015258789,95,13.650001525878906,0.7833333333333333,12.5,Amber,0.0,0.3024414646273633,high,0.35499356031732526,0.2766695084260557,Reserve runway,,"{'fiscal_stress_score': 0.35, 'reserve_runway_risk': 0.25, 'social_stability_risk': 0.2, 'chain_transmission_severity_recent': 0.2}"
social_w_0.15,social_w,0.37187499999999996,0.265625,0.15,0.2125,DZA,Algeria,0.29529284344814327,4,Red,108.6500015258789,135,-26.349998474121094,0.3666666666666667,25.0,Amber,0.19518517388237847,0.2440063832844308,medium,0.4174661933394627,0.3095871041687209,Mixed,,"{'fiscal_stress_score': 0.35, 'reserve_runway_risk': 0.25, 'social_stability_risk': 0.2, 'chain_transmission_severity_recent': 0.2}"
social_w_0.15,social_w,0.37187499999999996,0.265625,0.15,0.2125,LBY,Libya,0.2734366380212359,5,Red,108.6500015258789,115,-6.349998474121094,0.0,100.0,Green,0.055217378035835596,0.41996582012134964,low,0.893683776686857,0.5605119833654026,Chain transmission,,"{'fiscal_stress_score': 0.35, 'reserve_runway_risk': 0.25, 'social_stability_risk': 0.2, 'chain_transmission_severity_recent': 0.2}"
social_w_0.15,social_w,0.37187499999999996,0.265625,0.15,0.2125,IRQ,Iraq,0.25005029027087433,6,Red,108.6500015258789,130,-21.349998474121094,0.0,40.0,Green,0.16423075749323918,0.5037448335994124,medium,0.5337188342972433,0.3708420449955208,Mixed,,"{'fiscal_stress_score': 0.35, 'reserve_runway_risk': 0.25, 'social_stability_risk': 0.2, 'chain_transmission_severity_recent': 0.2}"
social_w_0.15,social_w,0.37187499999999996,0.265625,0.15,0.2125,JOR,Jordan,0.11222804226577479,8,Gray,108.6500015258789,0,,0.0,,Gray,0.0,0.43544700814237125,high,0.22075760491491342,0.2059389388900922,Social stability,,"{'fiscal_stress_score': 0.35, 'reserve_runway_risk': 0.25, 'social_stability_risk': 0.2, 'chain_transmission_severity_recent': 0.2}"
social_w_0.15,social_w,0.37187499999999996,0.265625,0.15,0.2125,EGY,Egypt,0.11461239043035137,7,Green,108.6500015258789,45,63.650001525878906,0.0,,Gray,0.0,0.3177750552485924,high,0.315040621849706,0.2556178156513549,Mixed,,"{'fiscal_stress_score': 0.35, 'reserve_runway_risk': 0.25, 'social_stability_risk': 0.2, 'chain_transmission_severity_recent': 0.2}"
social_w_0.15,social_w,0.37187499999999996,0.265625,0.15,0.2125,OMN,Oman,0.07998337821883272,9,Green,108.6500015258789,90,18.650001525878906,0.0,,Gray,0.0,0.2441683278062743,high,0.20403825434301923,0.1971293082313286,Social stability,,"{'fiscal_stress_score': 0.35, 'reserve_runway_risk': 0.25, 'social_stability_risk': 0.2, 'chain_transmission_severity_recent': 0.2}"
social_w_0.15,social_w,0.37187499999999996,0.265625,0.15,0.2125,SAU,Saudi Arabia,0.0628651679938487,10,Green,108.6500015258789,80,28.650001525878906,0.0,,Gray,0.0,0.26006209272395653,high,0.11226284275414222,0.148771719449552,Social stability,,"{'fiscal_stress_score': 0.35, 'reserve_runway_risk': 0.25, 'social_stability_risk': 0.2, 'chain_transmission_severity_recent': 0.2}"
social_w_0.15,social_w,0.37187499999999996,0.265625,0.15,0.2125,KWT,Kuwait,0.055845603898215586,11,Green,108.6500015258789,50,58.650001525878906,0.0,,Gray,0.0,0.3723040259881039,high,0.0,0.0896190521785287,Social stability,,"{'fiscal_stress_score': 0.35, 'reserve_runway_risk': 0.25, 'social_stability_risk': 0.2, 'chain_transmission_severity_recent': 0.2}"
social_w_0.15,social_w,0.37187499999999996,0.265625,0.15,0.2125,QAT,Qatar,0.03810612127807689,13,Green,108.6500015258789,55,53.650001525878906,0.0,,Gray,0.0,0.22837303875976875,high,0.018118425713466262,0.0991658726706,Social stability,,"{'fiscal_stress_score': 0.35, 'reserve_runway_risk': 0.25, 'social_stability_risk': 0.2, 'chain_transmission_severity_recent': 0.2}"
social_w_0.15,social_w,0.37187499999999996,0.265625,0.15,0.2125,ARE,UAE,0.039257630148135055,12,Green,108.6500015258789,65,43.650001525878906,0.0,,Gray,0.0,0.2027947886550412,high,0.04159252635237118,0.1115346638976369,Social stability,,"{'fiscal_stress_score': 0.35, 'reserve_runway_risk': 0.25, 'social_stability_risk': 0.2, 'chain_transmission_severity_recent': 0.2}"
social_w_0.15,social_w,0.37187499999999996,0.265625,0.15,0.2125,MAR,Morocco,0.03475298723056148,14,Gray,108.6500015258789,0,,0.0,,Gray,0.0,0.06819204801200299,high,0.11540790601769897,0.1504288918158613,Chain transmission,,"{'fiscal_stress_score': 0.35, 'reserve_runway_risk': 0.25, 'social_stability_risk': 0.2, 'chain_transmission_severity_recent': 0.2}"
social_w_0.25,social_w,0.32812499999999994,0.234375,0.25,0.1875,IRN,Iran,0.4110482321365453,1,Red,108.6500015258789,130,-21.349998474121094,0.9777777777777777,6.666666666666667,Red,0.16423075749323918,0.204570220625422,low,0.4098708960589548,0.3055850489754248,Reserve runway,,"{'fiscal_stress_score': 0.35, 'reserve_runway_risk': 0.25, 'social_stability_risk': 0.2, 'chain_transmission_severity_recent': 0.2}"
social_w_0.25,social_w,0.32812499999999994,0.234375,0.25,0.1875,LBN,Lebanon,0.35524193548387095,2,Gray,108.6500015258789,0,,0.0,,Gray,0.0,0.6709677419354838,low,1.0,0.6165313039960671,Chain transmission,,"{'fiscal_stress_score': 0.35, 'reserve_runway_risk': 0.25, 'social_stability_risk': 0.2, 'chain_transmission_severity_recent': 0.2}"
social_w_0.25,social_w,0.32812499999999994,0.234375,0.25,0.1875,BHR,Bahrain,0.3257654087163393,3,Amber,108.6500015258789,95,13.650001525878906,0.7833333333333333,12.5,Amber,0.0,0.3024414646273633,high,0.35499356031732526,0.2766695084260557,Reserve runway,,"{'fiscal_stress_score': 0.35, 'reserve_runway_risk': 0.25, 'social_stability_risk': 0.2, 'chain_transmission_severity_recent': 0.2}"
social_w_0.25,social_w,0.32812499999999994,0.234375,0.25,0.1875,DZA,Algeria,0.2892591422524124,5,Red,108.6500015258789,135,-26.349998474121094,0.3666666666666667,25.0,Amber,0.19518517388237847,0.2440063832844308,medium,0.4174661933394627,0.3095871041687209,Mixed,,"{'fiscal_stress_score': 0.35, 'reserve_runway_risk': 0.25, 'social_stability_risk': 0.2, 'chain_transmission_severity_recent': 0.2}"
social_w_0.25,social_w,0.32812499999999994,0.234375,0.25,0.1875,LBY,Libya,0.2906753653271317,4,Red,108.6500015258789,115,-6.349998474121094,0.0,100.0,Green,0.055217378035835596,0.41996582012134964,low,0.893683776686857,0.5605119833654026,Chain transmission,,"{'fiscal_stress_score': 0.35, 'reserve_runway_risk': 0.25, 'social_stability_risk': 0.2, 'chain_transmission_severity_recent': 0.2}"
social_w_0.25,social_w,0.32812499999999994,0.234375,0.25,0.1875,IRQ,Iraq,0.2798967071330553,6,Red,108.6500015258789,130,-21.349998474121094,0.0,40.0,Green,0.16423075749323918,0.5037448335994124,medium,0.5337188342972433,0.3708420449955208,Mixed,,"{'fiscal_stress_score': 0.35, 'reserve_runway_risk': 0.25, 'social_stability_risk': 0.2, 'chain_transmission_severity_recent': 0.2}"
social_w_0.25,social_w,0.32812499999999994,0.234375,0.25,0.1875,JOR,Jordan,0.15025380295713908,7,Gray,108.6500015258789,0,,0.0,,Gray,0.0,0.43544700814237125,high,0.22075760491491342,0.2059389388900922,Social stability,,"{'fiscal_stress_score': 0.35, 'reserve_runway_risk': 0.25, 'social_stability_risk': 0.2, 'chain_transmission_severity_recent': 0.2}"
social_w_0.25,social_w,0.32812499999999994,0.234375,0.25,0.1875,EGY,Egypt,0.13851388040896798,8,Green,108.6500015258789,45,63.650001525878906,0.0,,Gray,0.0,0.3177750552485924,high,0.315040621849706,0.2556178156513549,Mixed,,"{'fiscal_stress_score': 0.35, 'reserve_runway_risk': 0.25, 'social_stability_risk': 0.2, 'chain_transmission_severity_recent': 0.2}"
social_w_0.25,social_w,0.32812499999999994,0.234375,0.25,0.1875,OMN,Oman,0.09929925464088468,9,Green,108.6500015258789,90,18.650001525878906,0.0,,Gray,0.0,0.2441683278062743,high,0.20403825434301923,0.1971293082313286,Social stability,,"{'fiscal_stress_score': 0.35, 'reserve_runway_risk': 0.25, 'social_stability_risk': 0.2, 'chain_transmission_severity_recent': 0.2}"
social_w_0.25,social_w,0.32812499999999994,0.234375,0.25,0.1875,SAU,Saudi Arabia,0.08606480619739079,11,Green,108.6500015258789,80,28.650001525878906,0.0,,Gray,0.0,0.26006209272395653,high,0.11226284275414222,0.148771719449552,Social stability,,"{'fiscal_stress_score': 0.35, 'reserve_runway_risk': 0.25, 'social_stability_risk': 0.2, 'chain_transmission_severity_recent': 0.2}"
social_w_0.25,social_w,0.32812499999999994,0.234375,0.25,0.1875,KWT,Kuwait,0.09307600649702598,10,Green,108.6500015258789,50,58.650001525878906,0.0,,Gray,0.0,0.3723040259881039,high,0.0,0.0896190521785287,Social stability,,"{'fiscal_stress_score': 0.35, 'reserve_runway_risk': 0.25, 'social_stability_risk': 0.2, 'chain_transmission_severity_recent': 0.2}"
social_w_0.25,social_w,0.32812499999999994,0.234375,0.25,0.1875,QAT,Qatar,0.06049046451121711,12,Green,108.6500015258789,55,53.650001525878906,0.0,,Gray,0.0,0.22837303875976875,high,0.018118425713466262,0.0991658726706,Social stability,,"{'fiscal_stress_score': 0.35, 'reserve_runway_risk': 0.25, 'social_stability_risk': 0.2, 'chain_transmission_severity_recent': 0.2}"
social_w_0.25,social_w,0.32812499999999994,0.234375,0.25,0.1875,ARE,UAE,0.05849729585482989,13,Green,108.6500015258789,65,43.650001525878906,0.0,,Gray,0.0,0.2027947886550412,high,0.04159252635237118,0.1115346638976369,Social stability,,"{'fiscal_stress_score': 0.35, 'reserve_runway_risk': 0.25, 'social_stability_risk': 0.2, 'chain_transmission_severity_recent': 0.2}"
social_w_0.25,social_w,0.32812499999999994,0.234375,0.25,0.1875,MAR,Morocco,0.038686994381319305,14,Gray,108.6500015258789,0,,0.0,,Gray,0.0,0.06819204801200299,high,0.11540790601769897,0.1504288918158613,Chain transmission,,"{'fiscal_stress_score': 0.35, 'reserve_runway_risk': 0.25, 'social_stability_risk': 0.2, 'chain_transmission_severity_recent': 0.2}"
social_w_0.30,social_w,0.30624999999999997,0.21875,0.3,0.175,IRN,Iran,0.39728303136913706,1,Red,108.6500015258789,130,-21.349998474121094,0.9777777777777777,6.666666666666667,Red,0.16423075749323918,0.204570220625422,low,0.4098708960589548,0.3055850489754248,Reserve runway,,"{'fiscal_stress_score': 0.35, 'reserve_runway_risk': 0.25, 'social_stability_risk': 0.2, 'chain_transmission_severity_recent': 0.2}"
social_w_0.30,social_w,0.30624999999999997,0.21875,0.3,0.175,LBN,Lebanon,0.3762903225806451,2,Gray,108.6500015258789,0,,0.0,,Gray,0.0,0.6709677419354838,low,1.0,0.6165313039960671,Chain transmission,,"{'fiscal_stress_score': 0.35, 'reserve_runway_risk': 0.25, 'social_stability_risk': 0.2, 'chain_transmission_severity_recent': 0.2}"
social_w_0.30,social_w,0.30624999999999997,0.21875,0.3,0.175,BHR,Bahrain,0.32421047911040757,3,Amber,108.6500015258789,95,13.650001525878906,0.7833333333333333,12.5,Amber,0.0,0.3024414646273633,high,0.35499356031732526,0.2766695084260557,Reserve runway,,"{'fiscal_stress_score': 0.35, 'reserve_runway_risk': 0.25, 'social_stability_risk': 0.2, 'chain_transmission_severity_recent': 0.2}"
social_w_0.30,social_w,0.30624999999999997,0.21875,0.3,0.175,DZA,Algeria,0.28624229165454695,6,Red,108.6500015258789,135,-26.349998474121094,0.3666666666666667,25.0,Amber,0.19518517388237847,0.2440063832844308,medium,0.4174661933394627,0.3095871041687209,Mixed,,"{'fiscal_stress_score': 0.35, 'reserve_runway_risk': 0.25, 'social_stability_risk': 0.2, 'chain_transmission_severity_recent': 0.2}"
social_w_0.30,social_w,0.30624999999999997,0.21875,0.3,0.175,LBY,Libya,0.2992947289800795,4,Red,108.6500015258789,115,-6.349998474121094,0.0,100.0,Green,0.055217378035835596,0.41996582012134964,low,0.893683776686857,0.5605119833654026,Chain transmission,,"{'fiscal_stress_score': 0.35, 'reserve_runway_risk': 0.25, 'social_stability_risk': 0.2, 'chain_transmission_severity_recent': 0.2}"
social_w_0.30,social_w,0.30624999999999997,0.21875,0.3,0.175,IRQ,Iraq,0.2948199155641458,5,Red,108.6500015258789,130,-21.349998474121094,0.0,40.0,Green,0.16423075749323918,0.5037448335994124,medium,0.5337188342972433,0.3708420449955208,Mixed,,"{'fiscal_stress_score': 0.35, 'reserve_runway_risk': 0.25, 'social_stability_risk': 0.2, 'chain_transmission_severity_recent': 0.2}"
social_w_0.30,social_w,0.30624999999999997,0.21875,0.3,0.175,JOR,Jordan,0.1692666833028212,7,Gray,108.6500015258789,0,,0.0,,Gray,0.0,0.43544700814237125,high,0.22075760491491342,0.2059389388900922,Social stability,,"{'fiscal_stress_score': 0.35, 'reserve_runway_risk': 0.25, 'social_stability_risk': 0.2, 'chain_transmission_severity_recent': 0.2}"
social_w_0.30,social_w,0.30624999999999997,0.21875,0.3,0.175,EGY,Egypt,0.15046462539827626,8,Green,108.6500015258789,45,63.650001525878906,0.0,,Gray,0.0,0.3177750552485924,high,0.315040621849706,0.2556178156513549,Mixed,,"{'fiscal_stress_score': 0.35, 'reserve_runway_risk': 0.25, 'social_stability_risk': 0.2, 'chain_transmission_severity_recent': 0.2}"
social_w_0.30,social_w,0.30624999999999997,0.21875,0.3,0.175,OMN,Oman,0.10895719285191065,10,Green,108.6500015258789,90,18.650001525878906,0.0,,Gray,0.0,0.2441683278062743,high,0.20403825434301923,0.1971293082313286,Social stability,,"{'fiscal_stress_score': 0.35, 'reserve_runway_risk': 0.25, 'social_stability_risk': 0.2, 'chain_transmission_severity_recent': 0.2}"
social_w_0.30,social_w,0.30624999999999997,0.21875,0.3,0.175,SAU,Saudi Arabia,0.09766462529916184,11,Green,108.6500015258789,80,28.650001525878906,0.0,,Gray,0.0,0.26006209272395653,high,0.11226284275414222,0.148771719449552,Social stability,,"{'fiscal_stress_score': 0.35, 'reserve_runway_risk': 0.25, 'social_stability_risk': 0.2, 'chain_transmission_severity_recent': 0.2}"
social_w_0.30,social_w,0.30624999999999997,0.21875,0.3,0.175,KWT,Kuwait,0.11169120779643117,9,Green,108.6500015258789,50,58.650001525878906,0.0,,Gray,0.0,0.3723040259881039,high,0.0,0.0896190521785287,Social stability,,"{'fiscal_stress_score': 0.35, 'reserve_runway_risk': 0.25, 'social_stability_risk': 0.2, 'chain_transmission_severity_recent': 0.2}"
social_w_0.30,social_w,0.30624999999999997,0.21875,0.3,0.175,QAT,Qatar,0.07168263612778722,12,Green,108.6500015258789,55,53.650001525878906,0.0,,Gray,0.0,0.22837303875976875,high,0.018118425713466262,0.0991658726706,Social stability,,"{'fiscal_stress_score': 0.35, 'reserve_runway_risk': 0.25, 'social_stability_risk': 0.2, 'chain_transmission_severity_recent': 0.2}"
social_w_0.30,social_w,0.30624999999999997,0.21875,0.3,0.175,ARE,UAE,0.06811712870817731,13,Green,108.6500015258789,65,43.650001525878906,0.0,,Gray,0.0,0.2027947886550412,high,0.04159252635237118,0.1115346638976369,Social stability,,"{'fiscal_stress_score': 0.35, 'reserve_runway_risk': 0.25, 'social_stability_risk': 0.2, 'chain_transmission_severity_recent': 0.2}"
social_w_0.30,social_w,0.30624999999999997,0.21875,0.3,0.175,MAR,Morocco,0.04065399795669822,14,Gray,108.6500015258789,0,,0.0,,Gray,0.0,0.06819204801200299,high,0.11540790601769897,0.1504288918158613,Chain transmission,,"{'fiscal_stress_score': 0.35, 'reserve_runway_risk': 0.25, 'social_stability_risk': 0.2, 'chain_transmission_severity_recent': 0.2}"
chain_w_0.10,chain_w,0.39374999999999993,0.28125,0.225,0.1,IRN,Iran,0.42668125000957835,1,Red,108.6500015258789,130,-21.349998474121094,0.9777777777777777,6.666666666666667,Red,0.16423075749323918,0.204570220625422,low,0.4098708960589548,0.3055850489754248,Reserve runway,,"{'fiscal_stress_score': 0.35, 'reserve_runway_risk': 0.25, 'social_stability_risk': 0.2, 'chain_transmission_severity_recent': 0.2}"
chain_w_0.10,chain_w,0.39374999999999993,0.28125,0.225,0.1,LBN,Lebanon,0.2509677419354839,4,Gray,108.6500015258789,0,,0.0,,Gray,0.0,0.6709677419354838,low,1.0,0.6165313039960671,Chain transmission,,"{'fiscal_stress_score': 0.35, 'reserve_runway_risk': 0.25, 'social_stability_risk': 0.2, 'chain_transmission_severity_recent': 0.2}"
chain_w_0.10,chain_w,0.39374999999999993,0.28125,0.225,0.1,BHR,Bahrain,0.3238611855728893,2,Amber,108.6500015258789,95,13.650001525878906,0.7833333333333333,12.5,Amber,0.0,0.3024414646273633,high,0.35499356031732526,0.2766695084260557,Reserve runway,,"{'fiscal_stress_score': 0.35, 'reserve_runway_risk': 0.25, 'social_stability_risk': 0.2, 'chain_transmission_severity_recent': 0.2}"
chain_w_0.10,chain_w,0.39374999999999993,0.28125,0.225,0.1,DZA,Algeria,0.2766272177891297,3,Red,108.6500015258789,135,-26.349998474121094,0.3666666666666667,25.0,Amber,0.19518517388237847,0.2440063832844308,medium,0.4174661933394627,0.3095871041687209,Mixed,,"{'fiscal_stress_score': 0.35, 'reserve_runway_risk': 0.25, 'social_stability_risk': 0.2, 'chain_transmission_severity_recent': 0.2}"
chain_w_0.10,chain_w,0.39374999999999993,0.28125,0.225,0.1,LBY,Libya,0.20560252979759963,6,Red,108.6500015258789,115,-6.349998474121094,0.0,100.0,Green,0.055217378035835596,0.41996582012134964,low,0.893683776686857,0.5605119833654026,Chain transmission,,"{'fiscal_stress_score': 0.35, 'reserve_runway_risk': 0.25, 'social_stability_risk': 0.2, 'chain_transmission_severity_recent': 0.2}"
chain_w_0.10,chain_w,0.39374999999999993,0.28125,0.225,0.1,IRQ,Iraq,0.23138033175255504,5,Red,108.6500015258789,130,-21.349998474121094,0.0,40.0,Green,0.16423075749323918,0.5037448335994124,medium,0.5337188342972433,0.3708420449955208,Mixed,,"{'fiscal_stress_score': 0.35, 'reserve_runway_risk': 0.25, 'social_stability_risk': 0.2, 'chain_transmission_severity_recent': 0.2}"
chain_w_0.10,chain_w,0.39374999999999993,0.28125,0.225,0.1,JOR,Jordan,0.12005133732352488,7,Gray,108.6500015258789,0,,0.0,,Gray,0.0,0.43544700814237125,high,0.22075760491491342,0.2059389388900922,Social stability,,"{'fiscal_stress_score': 0.35, 'reserve_runway_risk': 0.25, 'social_stability_risk': 0.2, 'chain_transmission_severity_recent': 0.2}"
chain_w_0.10,chain_w,0.39374999999999993,0.28125,0.225,0.1,EGY,Egypt,0.10300344961590388,8,Green,108.6500015258789,45,63.650001525878906,0.0,,Gray,0.0,0.3177750552485924,high,0.315040621849706,0.2556178156513549,Mixed,,"{'fiscal_stress_score': 0.35, 'reserve_runway_risk': 0.25, 'social_stability_risk': 0.2, 'chain_transmission_severity_recent': 0.2}"
chain_w_0.10,chain_w,0.39374999999999993,0.28125,0.225,0.1,OMN,Oman,0.07534169919071364,10,Green,108.6500015258789,90,18.650001525878906,0.0,,Gray,0.0,0.2441683278062743,high,0.20403825434301923,0.1971293082313286,Social stability,,"{'fiscal_stress_score': 0.35, 'reserve_runway_risk': 0.25, 'social_stability_risk': 0.2, 'chain_transmission_severity_recent': 0.2}"
chain_w_0.10,chain_w,0.39374999999999993,0.28125,0.225,0.1,SAU,Saudi Arabia,0.06974025513830445,11,Green,108.6500015258789,80,28.650001525878906,0.0,,Gray,0.0,0.26006209272395653,high,0.11226284275414222,0.148771719449552,Social stability,,"{'fiscal_stress_score': 0.35, 'reserve_runway_risk': 0.25, 'social_stability_risk': 0.2, 'chain_transmission_severity_recent': 0.2}"
chain_w_0.10,chain_w,0.39374999999999993,0.28125,0.225,0.1,KWT,Kuwait,0.08376840584732338,9,Green,108.6500015258789,50,58.650001525878906,0.0,,Gray,0.0,0.3723040259881039,high,0.0,0.0896190521785287,Social stability,,"{'fiscal_stress_score': 0.35, 'reserve_runway_risk': 0.25, 'social_stability_risk': 0.2, 'chain_transmission_severity_recent': 0.2}"
chain_w_0.10,chain_w,0.39374999999999993,0.28125,0.225,0.1,QAT,Qatar,0.05319577629229459,12,Green,108.6500015258789,55,53.650001525878906,0.0,,Gray,0.0,0.22837303875976875,high,0.018118425713466262,0.0991658726706,Social stability,,"{'fiscal_stress_score': 0.35, 'reserve_runway_risk': 0.25, 'social_stability_risk': 0.2, 'chain_transmission_severity_recent': 0.2}"
chain_w_0.10,chain_w,0.39374999999999993,0.28125,0.225,0.1,ARE,UAE,0.04978808008262139,13,Green,108.6500015258789,65,43.650001525878906,0.0,,Gray,0.0,0.2027947886550412,high,0.04159252635237118,0.1115346638976369,Social stability,,"{'fiscal_stress_score': 0.35, 'reserve_runway_risk': 0.25, 'social_stability_risk': 0.2, 'chain_transmission_severity_recent': 0.2}"
chain_w_0.10,chain_w,0.39374999999999993,0.28125,0.225,0.1,MAR,Morocco,0.026884001404470573,14,Gray,108.6500015258789,0,,0.0,,Gray,0.0,0.06819204801200299,high,0.11540790601769897,0.1504288918158613,Chain transmission,,"{'fiscal_stress_score': 0.35, 'reserve_runway_risk': 0.25, 'social_stability_risk': 0.2, 'chain_transmission_severity_recent': 0.2}"
chain_w_0.15,chain_w,0.37187499999999996,0.265625,0.2125,0.15,IRN,Iran,0.4257473414567659,1,Red,108.6500015258789,130,-21.349998474121094,0.9777777777777777,6.666666666666667,Red,0.16423075749323918,0.204570220625422,low,0.4098708960589548,0.3055850489754248,Reserve runway,,"{'fiscal_stress_score': 0.35, 'reserve_runway_risk': 0.25, 'social_stability_risk': 0.2, 'chain_transmission_severity_recent': 0.2}"
chain_w_0.15,chain_w,0.37187499999999996,0.265625,0.2125,0.15,LBN,Lebanon,0.2925806451612903,3,Gray,108.6500015258789,0,,0.0,,Gray,0.0,0.6709677419354838,low,1.0,0.6165313039960671,Chain transmission,,"{'fiscal_stress_score': 0.35, 'reserve_runway_risk': 0.25, 'social_stability_risk': 0.2, 'chain_transmission_severity_recent': 0.2}"
chain_w_0.15,chain_w,0.37187499999999996,0.265625,0.2125,0.15,BHR,Bahrain,0.3255907619475802,2,Amber,108.6500015258789,95,13.650001525878906,0.7833333333333333,12.5,Amber,0.0,0.3024414646273633,high,0.35499356031732526,0.2766695084260557,Reserve runway,,"{'fiscal_stress_score': 0.35, 'reserve_runway_risk': 0.25, 'social_stability_risk': 0.2, 'chain_transmission_severity_recent': 0.2}"
chain_w_0.15,chain_w,0.37187499999999996,0.265625,0.2125,0.15,DZA,Algeria,0.2844516053197038,4,Red,108.6500015258789,135,-26.349998474121094,0.3666666666666667,25.0,Amber,0.19518517388237847,0.2440063832844308,medium,0.4174661933394627,0.3095871041687209,Mixed,,"{'fiscal_stress_score': 0.35, 'reserve_runway_risk': 0.25, 'social_stability_risk': 0.2, 'chain_transmission_severity_recent': 0.2}"
chain_w_0.15,chain_w,0.37187499999999996,0.265625,0.2125,0.15,LBY,Libya,0.2438292657358917,6,Red,108.6500015258789,115,-6.349998474121094,0.0,100.0,Green,0.055217378035835596,0.41996582012134964,low,0.893683776686857,0.5605119833654026,Chain transmission,,"{'fiscal_stress_score': 0.35, 'reserve_runway_risk': 0.25, 'social_stability_risk': 0.2, 'chain_transmission_severity_recent': 0.2}"
chain_w_0.15,chain_w,0.37187499999999996,0.265625,0.2125,0.15,IRQ,Iraq,0.24817691522725993,5,Red,108.6500015258789,130,-21.349998474121094,0.0,40.0,Green,0.16423075749323918,0.5037448335994124,medium,0.5337188342972433,0.3708420449955208,Mixed,,"{'fiscal_stress_score': 0.35, 'reserve_runway_risk': 0.25, 'social_stability_risk': 0.2, 'chain_transmission_severity_recent': 0.2}"
chain_w_0.15,chain_w,0.37187499999999996,0.265625,0.2125,0.15,JOR,Jordan,0.12564612996749092,7,Gray,108.6500015258789,0,,0.0,,Gray,0.0,0.43544700814237125,high,0.22075760491491342,0.2059389388900922,Social stability,,"{'fiscal_stress_score': 0.35, 'reserve_runway_risk': 0.25, 'social_stability_risk': 0.2, 'chain_transmission_severity_recent': 0.2}"
chain_w_0.15,chain_w,0.37187499999999996,0.265625,0.2125,0.15,EGY,Egypt,0.11478329251778177,8,Green,108.6500015258789,45,63.650001525878906,0.0,,Gray,0.0,0.3177750552485924,high,0.315040621849706,0.2556178156513549,Mixed,,"{'fiscal_stress_score': 0.35, 'reserve_runway_risk': 0.25, 'social_stability_risk': 0.2, 'chain_transmission_severity_recent': 0.2}"
chain_w_0.15,chain_w,0.37187499999999996,0.265625,0.2125,0.15,OMN,Oman,0.08249150781028616,9,Green,108.6500015258789,90,18.650001525878906,0.0,,Gray,0.0,0.2441683278062743,high,0.20403825434301923,0.1971293082313286,Social stability,,"{'fiscal_stress_score': 0.35, 'reserve_runway_risk': 0.25, 'social_stability_risk': 0.2, 'chain_transmission_severity_recent': 0.2}"
chain_w_0.15,chain_w,0.37187499999999996,0.265625,0.2125,0.15,SAU,Saudi Arabia,0.07210262111696208,11,Green,108.6500015258789,80,28.650001525878906,0.0,,Gray,0.0,0.26006209272395653,high,0.11226284275414222,0.148771719449552,Social stability,,"{'fiscal_stress_score': 0.35, 'reserve_runway_risk': 0.25, 'social_stability_risk': 0.2, 'chain_transmission_severity_recent': 0.2}"
chain_w_0.15,chain_w,0.37187499999999996,0.265625,0.2125,0.15,KWT,Kuwait,0.07911460552247208,10,Green,108.6500015258789,50,58.650001525878906,0.0,,Gray,0.0,0.3723040259881039,high,0.0,0.0896190521785287,Social stability,,"{'fiscal_stress_score': 0.35, 'reserve_runway_risk': 0.25, 'social_stability_risk': 0.2, 'chain_transmission_severity_recent': 0.2}"
chain_w_0.15,chain_w,0.37187499999999996,0.265625,0.2125,0.15,QAT,Qatar,0.0512470345934708,12,Green,108.6500015258789,55,53.650001525878906,0.0,,Gray,0.0,0.22837303875976875,high,0.018118425713466262,0.0991658726706,Social stability,,"{'fiscal_stress_score': 0.35, 'reserve_runway_risk': 0.25, 'social_stability_risk': 0.2, 'chain_transmission_severity_recent': 0.2}"
chain_w_0.15,chain_w,0.37187499999999996,0.265625,0.2125,0.15,ARE,UAE,0.04933277154205193,13,Green,108.6500015258789,65,43.650001525878906,0.0,,Gray,0.0,0.2027947886550412,high,0.04159252635237118,0.1115346638976369,Social stability,,"{'fiscal_stress_score': 0.35, 'reserve_runway_risk': 0.25, 'social_stability_risk': 0.2, 'chain_transmission_severity_recent': 0.2}"
chain_w_0.15,chain_w,0.37187499999999996,0.265625,0.2125,0.15,MAR,Morocco,0.03180199610520548,14,Gray,108.6500015258789,0,,0.0,,Gray,0.0,0.06819204801200299,high,0.11540790601769897,0.1504288918158613,Chain transmission,,"{'fiscal_stress_score': 0.35, 'reserve_runway_risk': 0.25, 'social_stability_risk': 0.2, 'chain_transmission_severity_recent': 0.2}"
chain_w_0.25,chain_w,0.32812499999999994,0.234375,0.1875,0.25,IRN,Iran,0.42387952435114107,1,Red,108.6500015258789,130,-21.349998474121094,0.9777777777777777,6.666666666666667,Red,0.16423075749323918,0.204570220625422,low,0.4098708960589548,0.3055850489754248,Reserve runway,,"{'fiscal_stress_score': 0.35, 'reserve_runway_risk': 0.25, 'social_stability_risk': 0.2, 'chain_transmission_severity_recent': 0.2}"
chain_w_0.25,chain_w,0.32812499999999994,0.234375,0.1875,0.25,LBN,Lebanon,0.3758064516129032,2,Gray,108.6500015258789,0,,0.0,,Gray,0.0,0.6709677419354838,low,1.0,0.6165313039960671,Chain transmission,,"{'fiscal_stress_score': 0.35, 'reserve_runway_risk': 0.25, 'social_stability_risk': 0.2, 'chain_transmission_severity_recent': 0.2}"
chain_w_0.25,chain_w,0.32812499999999994,0.234375,0.1875,0.25,BHR,Bahrain,0.32904991469696193,3,Amber,108.6500015258789,95,13.650001525878906,0.7833333333333333,12.5,Amber,0.0,0.3024414646273633,high,0.35499356031732526,0.2766695084260557,Reserve runway,,"{'fiscal_stress_score': 0.35, 'reserve_runway_risk': 0.25, 'social_stability_risk': 0.2, 'chain_transmission_severity_recent': 0.2}"
chain_w_0.25,chain_w,0.32812499999999994,0.234375,0.1875,0.25,DZA,Algeria,0.30010038038085185,5,Red,108.6500015258789,135,-26.349998474121094,0.3666666666666667,25.0,Amber,0.19518517388237847,0.2440063832844308,medium,0.4174661933394627,0.3095871041687209,Mixed,,"{'fiscal_stress_score': 0.35, 'reserve_runway_risk': 0.25, 'social_stability_risk': 0.2, 'chain_transmission_severity_recent': 0.2}"
chain_w_0.25,chain_w,0.32812499999999994,0.234375,0.1875,0.25,LBY,Libya,0.32028273761247583,4,Red,108.6500015258789,115,-6.349998474121094,0.0,100.0,Green,0.055217378035835596,0.41996582012134964,low,0.893683776686857,0.5605119833654026,Chain transmission,,"{'fiscal_stress_score': 0.35, 'reserve_runway_risk': 0.25, 'social_stability_risk': 0.2, 'chain_transmission_severity_recent': 0.2}"
chain_w_0.25,chain_w,0.32812499999999994,0.234375,0.1875,0.25,IRQ,Iraq,0.28177008217666977,6,Red,108.6500015258789,130,-21.349998474121094,0.0,40.0,Green,0.16423075749323918,0.5037448335994124,medium,0.5337188342972433,0.3708420449955208,Mixed,,"{'fiscal_stress_score': 0.35, 'reserve_runway_risk': 0.25, 'social_stability_risk': 0.2, 'chain_transmission_severity_recent': 0.2}"
chain_w_0.25,chain_w,0.32812499999999994,0.234375,0.1875,0.25,JOR,Jordan,0.13683571525542298,8,Gray,108.6500015258789,0,,0.0,,Gray,0.0,0.43544700814237125,high,0.22075760491491342,0.2059389388900922,Social stability,,"{'fiscal_stress_score': 0.35, 'reserve_runway_risk': 0.25, 'social_stability_risk': 0.2, 'chain_transmission_severity_recent': 0.2}"
chain_w_0.25,chain_w,0.32812499999999994,0.234375,0.1875,0.25,EGY,Egypt,0.13834297832153758,7,Green,108.6500015258789,45,63.650001525878906,0.0,,Gray,0.0,0.3177750552485924,high,0.315040621849706,0.2556178156513549,Mixed,,"{'fiscal_stress_score': 0.35, 'reserve_runway_risk': 0.25, 'social_stability_risk': 0.2, 'chain_transmission_severity_recent': 0.2}"
chain_w_0.25,chain_w,0.32812499999999994,0.234375,0.1875,0.25,OMN,Oman,0.09679112504943124,9,Green,108.6500015258789,90,18.650001525878906,0.0,,Gray,0.0,0.2441683278062743,high,0.20403825434301923,0.1971293082313286,Social stability,,"{'fiscal_stress_score': 0.35, 'reserve_runway_risk': 0.25, 'social_stability_risk': 0.2, 'chain_transmission_severity_recent': 0.2}"
chain_w_0.25,chain_w,0.32812499999999994,0.234375,0.1875,0.25,SAU,Saudi Arabia,0.0768273530742774,10,Green,108.6500015258789,80,28.650001525878906,0.0,,Gray,0.0,0.26006209272395653,high,0.11226284275414222,0.148771719449552,Social stability,,"{'fiscal_stress_score': 0.35, 'reserve_runway_risk': 0.25, 'social_stability_risk': 0.2, 'chain_transmission_severity_recent': 0.2}"
chain_w_0.25,chain_w,0.32812499999999994,0.234375,0.1875,0.25,KWT,Kuwait,0.06980700487276949,11,Green,108.6500015258789,50,58.650001525878906,0.0,,Gray,0.0,0.3723040259881039,high,0.0,0.0896190521785287,Social stability,,"{'fiscal_stress_score': 0.35, 'reserve_runway_risk': 0.25, 'social_stability_risk': 0.2, 'chain_transmission_severity_recent': 0.2}"
chain_w_0.25,chain_w,0.32812499999999994,0.234375,0.1875,0.25,QAT,Qatar,0.0473495511958232,13,Green,108.6500015258789,55,53.650001525878906,0.0,,Gray,0.0,0.22837303875976875,high,0.018118425713466262,0.0991658726706,Social stability,,"{'fiscal_stress_score': 0.35, 'reserve_runway_risk': 0.25, 'social_stability_risk': 0.2, 'chain_transmission_severity_recent': 0.2}"
chain_w_0.25,chain_w,0.32812499999999994,0.234375,0.1875,0.25,ARE,UAE,0.04842215446091302,12,Green,108.6500015258789,65,43.650001525878906,0.0,,Gray,0.0,0.2027947886550412,high,0.04159252635237118,0.1115346638976369,Social stability,,"{'fiscal_stress_score': 0.35, 'reserve_runway_risk': 0.25, 'social_stability_risk': 0.2, 'chain_transmission_severity_recent': 0.2}"
chain_w_0.25,chain_w,0.32812499999999994,0.234375,0.1875,0.25,MAR,Morocco,0.0416379855066753,14,Gray,108.6500015258789,0,,0.0,,Gray,0.0,0.06819204801200299,high,0.11540790601769897,0.1504288918158613,Chain transmission,,"{'fiscal_stress_score': 0.35, 'reserve_runway_risk': 0.25, 'social_stability_risk': 0.2, 'chain_transmission_severity_recent': 0.2}"
chain_w_0.30,chain_w,0.30624999999999997,0.21875,0.175,0.3,IRN,Iran,0.4229456157983287,1,Red,108.6500015258789,130,-21.349998474121094,0.9777777777777777,6.666666666666667,Red,0.16423075749323918,0.204570220625422,low,0.4098708960589548,0.3055850489754248,Reserve runway,,"{'fiscal_stress_score': 0.35, 'reserve_runway_risk': 0.25, 'social_stability_risk': 0.2, 'chain_transmission_severity_recent': 0.2}"
chain_w_0.30,chain_w,0.30624999999999997,0.21875,0.175,0.3,LBN,Lebanon,0.4174193548387096,2,Gray,108.6500015258789,0,,0.0,,Gray,0.0,0.6709677419354838,low,1.0,0.6165313039960671,Chain transmission,,"{'fiscal_stress_score': 0.35, 'reserve_runway_risk': 0.25, 'social_stability_risk': 0.2, 'chain_transmission_severity_recent': 0.2}"
chain_w_0.30,chain_w,0.30624999999999997,0.21875,0.175,0.3,BHR,Bahrain,0.33077949107165283,4,Amber,108.6500015258789,95,13.650001525878906,0.7833333333333333,12.5,Amber,0.0,0.3024414646273633,high,0.35499356031732526,0.2766695084260557,Reserve runway,,"{'fiscal_stress_score': 0.35, 'reserve_runway_risk': 0.25, 'social_stability_risk': 0.2, 'chain_transmission_severity_recent': 0.2}"
chain_w_0.30,chain_w,0.30624999999999997,0.21875,0.175,0.3,DZA,Algeria,0.3079247679114259,5,Red,108.6500015258789,135,-26.349998474121094,0.3666666666666667,25.0,Amber,0.19518517388237847,0.2440063832844308,medium,0.4174661933394627,0.3095871041687209,Mixed,,"{'fiscal_stress_score': 0.35, 'reserve_runway_risk': 0.25, 'social_stability_risk': 0.2, 'chain_transmission_severity_recent': 0.2}"
chain_w_0.30,chain_w,0.30624999999999997,0.21875,0.175,0.3,LBY,Libya,0.35850947355076795,3,Red,108.6500015258789,115,-6.349998474121094,0.0,100.0,Green,0.055217378035835596,0.41996582012134964,low,0.893683776686857,0.5605119833654026,Chain transmission,,"{'fiscal_stress_score': 0.35, 'reserve_runway_risk': 0.25, 'social_stability_risk': 0.2, 'chain_transmission_severity_recent': 0.2}"
chain_w_0.30,chain_w,0.30624999999999997,0.21875,0.175,0.3,IRQ,Iraq,0.29856666565137463,6,Red,108.6500015258789,130,-21.349998474121094,0.0,40.0,Green,0.16423075749323918,0.5037448335994124,medium,0.5337188342972433,0.3708420449955208,Mixed,,"{'fiscal_stress_score': 0.35, 'reserve_runway_risk': 0.25, 'social_stability_risk': 0.2, 'chain_transmission_severity_recent': 0.2}"
chain_w_0.30,chain_w,0.30624999999999997,0.21875,0.175,0.3,JOR,Jordan,0.142430507899389,8,Gray,108.6500015258789,0,,0.0,,Gray,0.0,0.43544700814237125,high,0.22075760491491342,0.2059389388900922,Social stability,,"{'fiscal_stress_score': 0.35, 'reserve_runway_risk': 0.25, 'social_stability_risk': 0.2, 'chain_transmission_severity_recent': 0.2}"
chain_w_0.30,chain_w,0.30624999999999997,0.21875,0.175,0.3,EGY,Egypt,0.15012282122341547,7,Green,108.6500015258789,45,63.650001525878906,0.0,,Gray,0.0,0.3177750552485924,high,0.315040621849706,0.2556178156513549,Mixed,,"{'fiscal_stress_score': 0.35, 'reserve_runway_risk': 0.25, 'social_stability_risk': 0.2, 'chain_transmission_severity_recent': 0.2}"
chain_w_0.30,chain_w,0.30624999999999997,0.21875,0.175,0.3,OMN,Oman,0.10394093366900375,9,Green,108.6500015258789,90,18.650001525878906,0.0,,Gray,0.0,0.2441683278062743,high,0.20403825434301923,0.1971293082313286,Social stability,,"{'fiscal_stress_score': 0.35, 'reserve_runway_risk': 0.25, 'social_stability_risk': 0.2, 'chain_transmission_severity_recent': 0.2}"
chain_w_0.30,chain_w,0.30624999999999997,0.21875,0.175,0.3,SAU,Saudi Arabia,0.07918971905293506,10,Green,108.6500015258789,80,28.650001525878906,0.0,,Gray,0.0,0.26006209272395653,high,0.11226284275414222,0.148771719449552,Social stability,,"{'fiscal_stress_score': 0.35, 'reserve_runway_risk': 0.25, 'social_stability_risk': 0.2, 'chain_transmission_severity_recent': 0.2}"
chain_w_0.30,chain_w,0.30624999999999997,0.21875,0.175,0.3,KWT,Kuwait,0.06515320454791818,11,Green,108.6500015258789,50,58.650001525878906,0.0,,Gray,0.0,0.3723040259881039,high,0.0,0.0896190521785287,Social stability,,"{'fiscal_stress_score': 0.35, 'reserve_runway_risk': 0.25, 'social_stability_risk': 0.2, 'chain_transmission_severity_recent': 0.2}"
chain_w_0.30,chain_w,0.30624999999999997,0.21875,0.175,0.3,QAT,Qatar,0.04540080949699941,14,Green,108.6500015258789,55,53.650001525878906,0.0,,Gray,0.0,0.22837303875976875,high,0.018118425713466262,0.0991658726706,Social stability,,"{'fiscal_stress_score': 0.35, 'reserve_runway_risk': 0.25, 'social_stability_risk': 0.2, 'chain_transmission_severity_recent': 0.2}"
chain_w_0.30,chain_w,0.30624999999999997,0.21875,0.175,0.3,ARE,UAE,0.04796684592034356,12,Green,108.6500015258789,65,43.650001525878906,0.0,,Gray,0.0,0.2027947886550412,high,0.04159252635237118,0.1115346638976369,Social stability,,"{'fiscal_stress_score': 0.35, 'reserve_runway_risk': 0.25, 'social_stability_risk': 0.2, 'chain_transmission_severity_recent': 0.2}"
chain_w_0.30,chain_w,0.30624999999999997,0.21875,0.175,0.3,MAR,Morocco,0.04655598020741021,13,Gray,108.6500015258789,0,,0.0,,Gray,0.0,0.06819204801200299,high,0.11540790601769897,0.1504288918158613,Chain transmission,,"{'fiscal_stress_score': 0.35, 'reserve_runway_risk': 0.25, 'social_stability_risk': 0.2, 'chain_transmission_severity_recent': 0.2}"
