country_code,country_code_a3,country_name,year,BM_GSR_MRCH_CD,BX_GSR_TOTL_CD,EG_ELC_PETR_ZS,EG_USE_COMM_FO_ZS,EG_USE_PCAP_KG_OE,FP_CPI_TOTL_ZG,NY_GDP_MKTP_CD,NY_GDP_PETR_RT_ZS,TX_VAL_FUEL_ZS_UN,missing_count,missing_indicators
DZ,DZA,Algeria,2000,,,3.04186998268535,99.7973298829085,873.657787057718,0.339163189071768,54790398570.3282,20.2038945100895,98.0870247131707,2,"BM_GSR_MRCH_CD,BX_GSR_TOTL_CD"
DZ,DZA,Algeria,2001,,,2.91079812206573,99.7577853262408,863.498325342364,4.22598834854673,59413400923.6364,16.7197713612172,97.6220771184034,2,"BM_GSR_MRCH_CD,BX_GSR_TOTL_CD"
DZ,DZA,Algeria,2002,,,2.15928819444444,99.7228903505875,911.440557642084,1.4183019234505,61516103406.1688,17.703706765696,96.8525631108902,2,"BM_GSR_MRCH_CD,BX_GSR_TOTL_CD"
DZ,DZA,Algeria,2003,,,2.32322207568226,99.713496186178,955.848483496115,4.268953958395,73482264190.9245,19.6786326659537,98.0418496791982,2,"BM_GSR_MRCH_CD,BX_GSR_TOTL_CD"
DZ,DZA,Algeria,2004,,,2.1984,99.7205700936354,954.298409338891,3.96180030257187,91913680985.1708,22.1269733272223,98.1581027723641,2,"BM_GSR_MRCH_CD,BX_GSR_TOTL_CD"
DZ,DZA,Algeria,2005,19816999999.9991,50267999999.9976,2.1141088014153,99.5923253460603,979.326457769033,1.38244656662118,107046618669.707,27.9141141505655,98.3968237779365,0,
DZ,DZA,Algeria,2006,20520000000.0008,59721000000.0026,2.12910918071879,99.7223880594001,1032.63866815022,2.31149918514423,123084258693.01,29.5343935472454,98.053114107359,0,
DZ,DZA,Algeria,2007,26408223359.3417,67127572447.3701,2.13463813313259,99.7348630118659,1077.66189233078,3.67899574741699,142482739809.849,27.9267087662485,98.3784356732768,0,
DZ,DZA,Algeria,2008,37979983494.3952,86654862453.6663,1.96838651953474,99.8039633761255,1070.72807038599,4.85859062814938,180383848331.135,29.1086401323721,98.1397675706731,0,
DZ,DZA,Algeria,2009,37384686145.4077,52860813856.1446,1.57658242643048,99.920994716557,1147.30600554253,5.73706036145627,150317292079.359,19.9046263657492,98.33852819805,0,
DZ,DZA,Algeria,2010,38797066194.14,65168162141.3628,2.10784099357152,96.0823770706653,1151.13889665565,3.91106195534028,177785053939.531,21.9939993236664,98.3108761995675,0,
DZ,DZA,Algeria,2011,46800967101.0699,80830581599.2146,2.08496017491801,96.391089085483,1174.26806450034,4.5242115050527,218331946925.304,25.0260096148481,98.3333229077681,0,
DZ,DZA,Algeria,2012,51508891623.9591,79094592945.0749,1.8450441660714,96.8559437804052,1258.83718458975,8.89145091062317,227143746075.934,22.6025382987382,98.4004104735679,0,
DZ,DZA,Algeria,2013,54871842663.8759,72135098775.6459,1.50609450659542,97.1550340948913,1273.72242693806,3.25423910998847,229701430292.157,20.8724313901278,98.3397689163232,0,
DZ,DZA,Algeria,2014,59457444971.2747,66846165650.0604,0.993119765885247,97.0302900324726,1358.04787814425,2.91692692067458,238942664192.59,19.3167294732848,97.228399822397,0,
DZ,DZA,Algeria,2015,52261207236.1659,40102767889.8764,1.31980580830838,21.6261944417039,1414.49702064392,4.78444700693889,187493855609.345,11.7459031918092,95.839787593179,0,
DZ,DZA,Algeria,2016,49316882927.4104,35171643986.4897,1.36625491217939,0.0,1371.20207705232,6.39769480268756,180763839522.151,10.0262189142963,95.3110605757096,0,
DZ,DZA,Algeria,2017,48810762377.0038,39939802620.5639,0.422268410113394,0.0,1380.3468180174,5.59111590961663,189880896903.073,12.1565741270026,96.1115601990579,0,
DZ,DZA,Algeria,2018,48284091542.4764,45538830402.1984,0.49176264951802,0.0,1442.30211193457,4.26999020467083,194554483655.528,15.9428081774505,,1,TX_VAL_FUEL_ZS_UN
DZ,DZA,Algeria,2019,44320173281.7055,39593857128.5246,0.40355224100287,0.0,1463.50985736009,1.95176821052891,193459662090.677,14.1421031504305,,1,TX_VAL_FUEL_ZS_UN
DZ,DZA,Algeria,2020,34907242968.8531,25747760548.7331,0.252668814351589,0.0,1373.67832094406,2.41513094083413,164873415325.201,9.03841379679424,,1,TX_VAL_FUEL_ZS_UN
DZ,DZA,Algeria,2021,37395018713.6665,42534652502.3852,0.241246047546551,0.0,1451.44517709293,7.22606307415477,186231205262.082,14.4615654623053,,1,TX_VAL_FUEL_ZS_UN
DZ,DZA,Algeria,2022,38692983623.5322,70199124677.573,0.237857745722397,0.0,1499.50999958517,9.26551551551552,225581644702.568,,,2,"NY_GDP_PETR_RT_ZS,TX_VAL_FUEL_ZS_UN"
DZ,DZA,Algeria,2023,42851913054.6296,61794125575.4685,0.279209846591444,0.0,1503.41406578063,9.32217375928322,247923887214.655,,,2,"NY_GDP_PETR_RT_ZS,TX_VAL_FUEL_ZS_UN"
DZ,DZA,Algeria,2024,45331729396.2413,55781935574.3354,,,,4.04611455313434,269322281664.773,,,5,"EG_ELC_PETR_ZS,EG_USE_COMM_FO_ZS,EG_USE_PCAP_KG_OE,NY_GDP_PETR_RT_ZS,TX_VAL_FUEL_ZS_UN"
BH,BHR,Bahrain,2000,4375292553.19148,13504024037.2187,0.0,97.4481106759087,12833.272118279,-0.704852953090789,9062898936.17021,18.711078045797,0.0395462453040678,0,
BH,BHR,Bahrain,2001,4029095744.68085,10400747220.8226,0.0,97.8458985745272,12648.0885082095,-1.20757180156659,8976196808.51064,15.0074471454831,66.9335197582833,0,
BH,BHR,Bahrain,2002,4678484042.55319,8634902592.28317,0.0,97.9049040838775,12214.6865774264,-0.495540138751154,9593510638.29787,14.4906538546743,69.3664039673791,0,
BH,BHR,Bahrain,2003,5298377659.57446,9247241353.03838,0.0,98.1119706100949,11894.9484733033,1.59362549800786,11074813829.7872,14.9880274040125,72.5185966870439,0,
BH,BHR,Bahrain,2004,6922632978.7234,12881029141.0995,0.0,97.3884925608253,11271.2138903395,2.35294117647061,13150159574.4681,16.6530213443367,75.5437259663915,0,
BH,BHR,Bahrain,2005,8870744680.85106,18412687109.4652,0.0,98.0272679376343,11975.4282360997,2.58620689655172,15968723404.2553,20.0931217396654,78.1592802795663,0,
BH,BHR,Bahrain,2006,9953803191.48936,23295926212.3131,2.44273358045813,,11582.0205666291,2.00746965452849,18504760638.2979,20.3670614713082,80.5878626999227,1,EG_USE_COMM_FO_ZS
BH,BHR,Bahrain,2007,10925398936.1702,27687960947.7996,1.16444976296774,94.9769950255127,11533.9934710843,3.25666666666703,21730000000.0,18.9906048191926,80.8287980658625,0,
BH,BHR,Bahrain,2008,14246276595.7446,28319383826.1134,0.021906764808973,99.575925949738,11593.7971674415,3.52600316363721,25710904255.3191,21.6815768768211,69.062284938086,0,
BH,BHR,Bahrain,2009,9613031914.89361,17384881832.8323,0.0,99.4451808647898,10432.8967547383,2.79551283550411,22938218085.1064,14.4351176966592,68.6020433823247,0,
BH,BHR,Bahrain,2010,11190425531.9148,19347876092.4706,0.0,,10317.976004905,1.96188468334623,26805984042.5532,17.3156329535965,74.3474756294398,1,EG_USE_COMM_FO_ZS
BH,BHR,Bahrain,2011,12105851063.8297,29767819148.9361,0.0,98.5804334502805,10624.3872166304,-0.40004069748808,29914680851.0638,23.3980559518896,71.8441684413074,0,
BH,BHR,Bahrain,2012,19704521276.5957,33454032807.244,0.0,,9996.52196196405,2.75739669962979,31963404255.3191,20.0940234657871,64.1472033708371,1,EG_USE_COMM_FO_ZS
BH,BHR,Bahrain,2013,21280053191.4893,36174962300.4804,0.0270103411020219,98.8397187677929,11219.433931134,3.30001156888442,33823324468.0851,20.8660137007827,59.0027891704387,0,
BH,BHR,Bahrain,2014,19784521276.5957,34205194235.3993,0.0256852456610281,,10257.0253426946,2.64755321246188,34772526595.7447,18.8709266924557,66.8346508823664,1,EG_USE_COMM_FO_ZS
BH,BHR,Bahrain,2015,15709574468.0851,27888067760.4065,0.0315966858587277,1.88319353432749,10405.6390717453,1.84862742374976,32523297872.3404,9.82474436918962,50.3566602372733,0,
BH,BHR,Bahrain,2016,13588297872.3404,26046276595.7447,0.00701508242721852,0.0,9878.66504979139,2.78679347602044,33884680851.0638,7.62960432748572,45.0173153136849,0,
BH,BHR,Bahrain,2017,16076063829.7872,28840425531.9148,0.00684345594525235,0.0,9444.4239393348,1.38671830576406,37204813829.7872,8.93795259727704,50.1771114184211,0,
BH,BHR,Bahrain,2018,19110106382.9787,32377393617.0213,0.00338352224665877,0.0,9533.85538285247,2.08766938046978,39567978723.4043,11.3900811220261,53.3203933261076,0,
BH,BHR,Bahrain,2019,17263297872.3404,32390957446.8085,0.00302087424100535,0.0,10388.189018559,1.00582004702136,40446808510.6383,9.8481886760226,42.1282144838203,0,
BH,BHR,Bahrain,2020,14192819148.9361,28197340425.5318,0.0029956263854772,0.0,10833.6323639495,-2.31770629331378,35837632978.7234,6.69558923237194,29.8191901321903,0,
BH,BHR,Bahrain,2021,17464361702.1276,38232712765.9574,0.00291604700667775,0.0,10665.6287316741,-0.60631938514085,40840212765.9574,10.9376756365994,0.0520982100390362,0,
BH,BHR,Bahrain,2022,21949202127.6595,48724202127.6595,0.00274800769442154,0.0,10178.1841297543,3.62574104304482,46458191489.3617,,0.0426131887253156,1,NY_GDP_PETR_RT_ZS
BH,BHR,Bahrain,2023,20310904255.3191,45290159574.4681,0.00266723567694442,0.0,10511.6129705274,0.0746206782192255,46192260638.2979,,0.252930709797225,1,NY_GDP_PETR_RT_ZS
BH,BHR,Bahrain,2024,20670478723.4042,46864627659.5745,,,,0.919635459817651,47109734308.5106,,0.000371894251415909,4,"EG_ELC_PETR_ZS,EG_USE_COMM_FO_ZS,EG_USE_PCAP_KG_OE,NY_GDP_PETR_RT_ZS"
EG,EGY,"Egypt, Arab Rep.",2000,15382000000.0,18735000000.0,9.68224920978207,91.489819853051,569.881356092312,2.68380535348546,99838543960.0763,6.47222160611776,41.9128863608293,0,
EG,EGY,"Egypt, Arab Rep.",2001,13959600000.0,17535600000.0,6.84781825604572,90.7295038968966,634.095104088458,2.26975720475955,96684636118.5984,5.17066273278314,40.4973736835231,0,
EG,EGY,"Egypt, Arab Rep.",2002,12879425000.0,17136100000.0,7.60623388272228,91.9207572540109,636.526193894253,2.73723855000334,85146067415.7303,5.90580704386046,33.5758472614446,0,
EG,EGY,"Egypt, Arab Rep.",2003,13188562500.0,20638700000.0,5.69849658027169,91.9563705184466,647.53985335306,4.50777636319303,80288461538.4615,7.50637371077042,43.0771531636003,0,
EG,EGY,"Egypt, Arab Rep.",2004,18895275000.0,27088400000.0,15.3249291700807,92.861632024063,692.141360028845,11.2706193320519,78782467532.4675,9.49448631419397,43.1044662663056,0,
EG,EGY,"Egypt, Arab Rep.",2005,23818200000.0,32141200000.0,13.3296531419634,93.6670787511882,778.769640304157,4.86939696871988,89660339660.3397,11.8509312061057,51.2725247920002,0,
EG,EGY,"Egypt, Arab Rep.",2006,28983500000.0,39240500000.0,13.9159669690747,93.7797321927131,806.402489163819,7.64452644526434,107426086956.522,11.7296934107586,55.4576130325556,0,
EG,EGY,"Egypt, Arab Rep.",2007,39354300000.0,47707000000.0,12.4599413405366,93.9044419229283,844.384421346476,9.31896905799229,130437828371.278,10.7818588338143,52.2178046042278,0,
EG,EGY,"Egypt, Arab Rep.",2008,49607900000.0,57826300000.0,15.2752918139122,94.2153883779026,859.150259001023,18.3168316831684,162818181818.182,12.4545677729971,43.9609378227177,0,
EG,EGY,"Egypt, Arab Rep.",2009,39906900000.0,45601000000.0,15.5921185390181,94.4713931437623,862.435116243687,11.7634954386443,189147005444.646,6.24755741424533,28.5311081758902,0,
EG,EGY,"Egypt, Arab Rep.",2010,45144500000.0,49364900000.0,12.3556416101933,94.3283973018108,838.166707475228,11.2651882653185,218983666061.706,7.41778712942652,28.675015261694,0,
EG,EGY,"Egypt, Arab Rep.",2011,47311500000.0,47370800000.0,11.0154367805836,94.0586478546803,860.053119855617,10.0649259874818,235989672977.625,9.74186285549743,29.2504485443273,0,
EG,EGY,"Egypt, Arab Rep.",2012,52350400000.0,48833600000.0,15.1954606612969,93.893044095937,866.240866672303,7.11172943343082,279116666666.667,8.38345897037217,30.1290625343441,0,
EG,EGY,"Egypt, Arab Rep.",2013,48918100000.0,44991700000.0,17.6196567213017,93.8973902079236,825.189960336054,9.4697198106492,288434108527.132,7.82863019779494,26.0844601901547,0,
EG,EGY,"Egypt, Arab Rep.",2014,56446400000.0,47364800000.0,19.4360391426973,90.2206573455579,832.772090858109,10.0702154687481,305595408895.265,6.82340013626772,23.3551757931695,0,
EG,EGY,"Egypt, Arab Rep.",2015,50419900000.0,37872900000.0,20.5388652246078,62.7106573100733,810.817127279737,10.370490343517,329366576819.407,3.05526433674059,17.8713832773737,0,
EG,EGY,"Egypt, Arab Rep.",2016,51066100000.0,34007200000.0,15.5331605314976,0.0,872.581407763809,13.8136062148289,332441717791.411,2.35006516963224,13.7657934284608,0,
EG,EGY,"Egypt, Arab Rep.",2017,52404100000.0,43609300000.0,11.2109561732727,0.0,897.218073562482,29.5066083940038,248362771739.13,4.12683269397819,19.3528393471568,0,
EG,EGY,"Egypt, Arab Rep.",2018,57635387500.0,52529133911.6667,4.61057723605735,0.0,870.813573488394,14.4014657807421,262588632526.73,5.47658822874947,24.5436332078061,0,
EG,EGY,"Egypt, Arab Rep.",2019,57757587500.0,54570434740.9167,3.56121600519175,0.0,844.783013447093,9.15279959324803,318678815489.749,3.8819618632175,26.465801966271,0,
EG,EGY,"Egypt, Arab Rep.",2020,54282937500.0,40646263091.3083,1.08749382105783,0.0,805.259456646637,5.04493288977538,383817841547.099,1.85770095140202,20.6229583667758,0,
EG,EGY,"Egypt, Arab Rep.",2021,70912800000.0,59283604818.5,6.22959358376457,0.0,857.821938469275,5.21404940513042,424671765455.704,2.98581458250197,31.6971100561669,0,
EG,EGY,"Egypt, Arab Rep.",2022,71745425000.0,77495369268.8,8.57792338035702,0.0,902.48842991302,13.8956609775177,476747720364.742,,35.9532117277136,1,NY_GDP_PETR_RT_ZS
EG,EGY,"Egypt, Arab Rep.",2023,60259137500.0,70423331022.6167,11.4210012550551,0.0,928.39494742708,33.8847763115546,395926075163.006,,18.1531616111814,1,NY_GDP_PETR_RT_ZS
EG,EGY,"Egypt, Arab Rep.",2024,72882900000.0,66982100000.0,,,,28.2705899322082,389059911003.566,,12.4540426829027,4,"EG_ELC_PETR_ZS,EG_USE_COMM_FO_ZS,EG_USE_PCAP_KG_OE,NY_GDP_PETR_RT_ZS"
IR,IRN,"Iran, Islamic Rep.",2000,15207000000.0,30131000000.0,20.8925467322442,99.6596368887027,1852.32868023683,14.4767513188567,109591707802.216,30.6637746707723,88.8675310777915,0,
IR,IRN,"Iran, Islamic Rep.",2001,,,21.2636041751473,99.579613300226,1978.89752444269,11.2742471332117,126878750295.944,21.4882168458321,85.2051131777108,2,"BM_GSR_MRCH_CD,BX_GSR_TOTL_CD"
IR,IRN,"Iran, Islamic Rep.",2002,,,18.5574244582899,99.3754079066283,2030.52201096447,14.3359337378404,128626917503.72,20.4437414632993,70.3079897892571,2,"BM_GSR_MRCH_CD,BX_GSR_TOTL_CD"
IR,IRN,"Iran, Islamic Rep.",2003,,,14.5036977345689,99.196525182262,2075.2052424627,16.4680116244792,151911222119.488,22.0449174416527,79.4780554871552,2,"BM_GSR_MRCH_CD,BX_GSR_TOTL_CD"
IR,IRN,"Iran, Islamic Rep.",2004,,,16.1965755640494,99.3001496710709,2215.26566937508,14.7615086970672,187754571247.666,25.1990020398231,78.9586877543246,2,"BM_GSR_MRCH_CD,BX_GSR_TOTL_CD"
IR,IRN,"Iran, Islamic Rep.",2005,,,15.7663626970936,98.8559472531338,2404.72248381983,13.433118008508,224970371324.67,31.6076762648214,83.0809475304939,2,"BM_GSR_MRCH_CD,BX_GSR_TOTL_CD"
IR,IRN,"Iran, Islamic Rep.",2006,,,19.8767918124163,98.7658930714788,2459.98518383154,10.0158982511924,265602187403.643,31.5582038058527,83.2838200199219,2,"BM_GSR_MRCH_CD,BX_GSR_TOTL_CD"
IR,IRN,"Iran, Islamic Rep.",2007,,,19.8768542939221,98.8405175966667,2560.85802626139,17.3410404624277,349736591832.418,26.1252401169156,,3,"BM_GSR_MRCH_CD,BX_GSR_TOTL_CD,TX_VAL_FUEL_ZS_UN"
IR,IRN,"Iran, Islamic Rep.",2008,,,19.374446464364,99.5231185172838,2711.04099566854,25.4105090311987,406070949553.875,30.5659738980313,,3,"BM_GSR_MRCH_CD,BX_GSR_TOTL_CD,TX_VAL_FUEL_ZS_UN"
IR,IRN,"Iran, Islamic Rep.",2009,,,20.4174007318065,99.5215062434828,2672.02281312134,13.5515548281506,414059094949.063,17.5512587993854,,3,"BM_GSR_MRCH_CD,BX_GSR_TOTL_CD,TX_VAL_FUEL_ZS_UN"
IR,IRN,"Iran, Islamic Rep.",2010,,,19.7614172450946,99.4096159165196,2639.53621273079,10.0893629287979,487069570463.768,20.2248363529261,70.8018189413379,2,"BM_GSR_MRCH_CD,BX_GSR_TOTL_CD"
IR,IRN,"Iran, Islamic Rep.",2011,,,27.7623181643977,99.3750757914988,2658.74959959687,26.2933856738608,629082257472.368,22.3514589221281,70.5041242804763,2,"BM_GSR_MRCH_CD,BX_GSR_TOTL_CD"
IR,IRN,"Iran, Islamic Rep.",2012,,,27.2727272727273,98.9638911323989,2740.80449432044,27.2568127242908,644019315003.54,18.4120723402826,,3,"BM_GSR_MRCH_CD,BX_GSR_TOTL_CD,TX_VAL_FUEL_ZS_UN"
IR,IRN,"Iran, Islamic Rep.",2013,,,32.5285595616422,98.5707876556882,2758.63469172941,36.6030355191029,500399839839.877,21.2565665523955,71.7172687320017,2,"BM_GSR_MRCH_CD,BX_GSR_TOTL_CD"
IR,IRN,"Iran, Islamic Rep.",2014,,,21.6646213343335,99.8901445764347,2883.56133864636,16.6065532357449,462284793280.825,21.2353758265799,67.7953155547417,2,"BM_GSR_MRCH_CD,BX_GSR_TOTL_CD"
IR,IRN,"Iran, Islamic Rep.",2015,,,14.4256021209195,59.0908945903128,2737.21795051014,12.4846815611533,409191686496.677,12.2663527393474,57.7930861182423,2,"BM_GSR_MRCH_CD,BX_GSR_TOTL_CD"
IR,IRN,"Iran, Islamic Rep.",2016,,,11.081170830249,0.0,2861.01308462065,7.24542548952979,478618064870.999,10.8895031509112,67.5862230701503,2,"BM_GSR_MRCH_CD,BX_GSR_TOTL_CD"
IR,IRN,"Iran, Islamic Rep.",2017,,,8.55841830777613,0.0,3026.76271438293,8.04492437660278,510239893417.645,14.6204399688795,71.0578843095261,2,"BM_GSR_MRCH_CD,BX_GSR_TOTL_CD"
IR,IRN,"Iran, Islamic Rep.",2018,,,9.39149081842902,0.0,2921.43583957478,18.0141183371874,411903303606.044,27.6646471563106,68.6777337315966,2,"BM_GSR_MRCH_CD,BX_GSR_TOTL_CD"
IR,IRN,"Iran, Islamic Rep.",2019,,,14.7766407180313,0.0,3177.85679111808,39.9073455697784,347988400957.999,20.0780490508657,38.5316504652718,2,"BM_GSR_MRCH_CD,BX_GSR_TOTL_CD"
IR,IRN,"Iran, Islamic Rep.",2020,,,14.4944761949262,0.0,3256.87632117151,30.5941390387295,280934329279.723,13.2733495355914,29.1637868954392,2,"BM_GSR_MRCH_CD,BX_GSR_TOTL_CD"
IR,IRN,"Iran, Islamic Rep.",2021,,,14.5485809654661,0.0,3356.96967009824,43.3890162681514,407350685583.335,18.2658980929233,47.9119531286438,2,"BM_GSR_MRCH_CD,BX_GSR_TOTL_CD"
IR,IRN,"Iran, Islamic Rep.",2022,,,15.0855454027819,0.0,3288.17306422824,43.4884641742179,422662261525.665,,56.361512409332,3,"BM_GSR_MRCH_CD,BX_GSR_TOTL_CD,NY_GDP_PETR_RT_ZS"
IR,IRN,"Iran, Islamic Rep.",2023,,,14.8198910286861,0.0,3399.10476404644,44.5791857572797,457510482317.483,,,4,"BM_GSR_MRCH_CD,BX_GSR_TOTL_CD,NY_GDP_PETR_RT_ZS,TX_VAL_FUEL_ZS_UN"
IR,IRN,"Iran, Islamic Rep.",2024,,,,,,32.455871402917,475252089215.416,,,7,"BM_GSR_MRCH_CD,BX_GSR_TOTL_CD,EG_ELC_PETR_ZS,EG_USE_COMM_FO_ZS,EG_USE_PCAP_KG_OE,NY_GDP_PETR_RT_ZS,TX_VAL_FUEL_ZS_UN"
IQ,IRQ,Iraq,2000,,,79.3228840125392,97.2762315406726,1089.27326383404,4.97896213183735,48364250943.9051,48.5807178166885,97.0120267860648,2,"BM_GSR_MRCH_CD,BX_GSR_TOTL_CD"
IQ,IRQ,Iraq,2001,,,81.8238194164522,97.171485301265,1181.99516468889,16.3740814963262,36176430128.8057,49.1960317224957,95.0066887098728,2,"BM_GSR_MRCH_CD,BX_GSR_TOTL_CD"
IQ,IRQ,Iraq,2002,,,85.2316687830375,96.9839993789116,1091.28719492902,19.316694601979,32928454672.4246,46.6719927539111,95.0954914415094,2,"BM_GSR_MRCH_CD,BX_GSR_TOTL_CD"
IQ,IRQ,Iraq,2003,,,88.0134086097389,,939.517629598492,33.6162105992383,21921569478.8163,53.0047978158982,,4,"BM_GSR_MRCH_CD,BX_GSR_TOTL_CD,EG_USE_COMM_FO_ZS,TX_VAL_FUEL_ZS_UN"
IQ,IRQ,Iraq,2004,,,92.5901842390463,95.8495420554026,980.249444124443,26.9619068193272,36633669269.3981,64.6550924823725,96.0061358572201,2,"BM_GSR_MRCH_CD,BX_GSR_TOTL_CD"
IQ,IRQ,Iraq,2005,20002200000.0,24732800000.0,47.3684210526316,95.5746023803202,949.253481740859,36.9594809201871,50065104667.8159,65.1575951980304,96.3555657715066,0,
IQ,IRQ,Iraq,2006,18707500000.0,32092000000.0,40.0467137746504,92.1027764049728,916.179043545813,53.230962911428,65147051918.0219,63.5551402676835,99.459181622694,0,
IQ,IRQ,Iraq,2007,16622500000.0,42378330000.0,43.8216445527575,95.5274173450761,909.133658720632,-10.0674925768978,88837057319.5179,52.9273802567399,99.6294248203056,0,
IQ,IRQ,Iraq,2008,29761400000.0,69263400000.0,41.0729776621123,96.46848007587,962.301839872785,12.6628528269228,131614434153.505,55.3793146361864,99.7568096571184,0,
IQ,IRQ,Iraq,2009,35284800000.0,45034900000.0,43.3799244325838,,995.7798442565,6.8736154721255,111657580326.315,39.1145928006965,99.6937150677908,1,EG_USE_COMM_FO_ZS
IQ,IRQ,Iraq,2010,37328000000.0,56673800000.0,59.4463073525804,,1064.17152061051,2.8777472527476,138516722649.573,43.2562312170542,99.7045850237878,1,EG_USE_COMM_FO_ZS
IQ,IRQ,Iraq,2011,40633000000.0,83678000000.0,60.2953453425598,,1125.37331940921,5.801455370853,185749664444.444,50.9263659501053,99.7790725268102,1,EG_USE_COMM_FO_ZS
IQ,IRQ,Iraq,2012,50155000000.0,99120000000.0,68.1233430396801,,1190.03229059907,6.08909641595043,218002476129.472,49.6110993818029,99.749740585093,1,EG_USE_COMM_FO_ZS
IQ,IRQ,Iraq,2013,53821700000.0,93857082324.13,70.6523226380242,,1175.83271780348,1.87949800749469,234637675128.645,45.3313602184612,99.7968723357044,1,EG_USE_COMM_FO_ZS
IQ,IRQ,Iraq,2014,49811500000.0,89245000000.0,73.6645779579801,,1082.71904877674,2.23597407904679,228415656174.957,46.6038527995508,99.8860619088129,1,EG_USE_COMM_FO_ZS
IQ,IRQ,Iraq,2015,40347112000.0,56676297777.87,66.4193759546149,49.0864111182936,998.349545341439,1.39333028780309,166774104959.102,37.2575416723352,99.7872777592791,0,
IQ,IRQ,Iraq,2016,29077000000.0,47164500000.0,55.4186986538209,0.0,1076.45729137323,0.556521397155511,166743557747.671,32.9650560560142,99.9864810010682,0,
IQ,IRQ,Iraq,2017,32185600000.0,64122856000.0,51.2127557475025,0.0,1185.88106304283,0.18405889884769,187217660050.676,38.9203120843433,,1,TX_VAL_FUEL_ZS_UN
IQ,IRQ,Iraq,2018,38875700000.0,93097000000.0,43.7794059365696,0.0,1287.11356086079,0.367441488936849,227367469034.031,45.7658631354446,,1,TX_VAL_FUEL_ZS_UN
IQ,IRQ,Iraq,2019,49417600000.0,90614900000.0,37.9736837537105,0.0,1319.49517610224,-0.198965380023928,233636097800.338,40.2312783051026,,1,TX_VAL_FUEL_ZS_UN
IQ,IRQ,Iraq,2020,41048600000.0,51539300000.0,35.8609943408019,0.0,1142.9073605104,0.574162679425795,180898797516.874,27.035001916172,,1,TX_VAL_FUEL_ZS_UN
IQ,IRQ,Iraq,2021,34721100000.0,78762100000.0,40.4576594274679,0.0,1275.91306536574,6.04186489058044,209691945713.103,42.7870984915076,,1,TX_VAL_FUEL_ZS_UN
IQ,IRQ,Iraq,2022,46914800000.0,128540000000.0,47.5929822459509,0.0,1415.17378116176,4.99476596381044,287372232137.931,,,2,"NY_GDP_PETR_RT_ZS,TX_VAL_FUEL_ZS_UN"
IQ,IRQ,Iraq,2023,55952500000.0,112490386393.31,46.6964767025585,0.0,1506.04801552981,4.35835351089586,268881051643.549,,,2,"NY_GDP_PETR_RT_ZS,TX_VAL_FUEL_ZS_UN"
IQ,IRQ,Iraq,2024,74298500000.0,115822800000.0,,,,-12.2969837587007,279641257615.385,,,5,"EG_ELC_PETR_ZS,EG_USE_COMM_FO_ZS,EG_USE_PCAP_KG_OE,NY_GDP_PETR_RT_ZS,TX_VAL_FUEL_ZS_UN"
JO,JOR,Jordan,2000,4073693980.93089,4206939351.19886,88.3963670868917,98.4551346154963,903.243088042685,0.66688092559796,8460789844.8519,0.00382518728310133,0.0134095616213473,0,
JO,JOR,Jordan,2001,4301355623.75557,4434391627.80468,88.6210094052192,98.0000120919424,876.037093986667,1.77220437351017,8975814652.8196,0.00270497731455219,0.0109858651165525,0,
JO,JOR,Jordan,2002,4500876526.47206,5035685057.94689,90.2729955730448,97.9814996955333,900.964957727455,1.83299389002049,9582510578.27927,0.00236581016892771,0.00638352187104476,0,
JO,JOR,Jordan,2003,5078028688.29337,5380389280.67701,79.1218413810358,96.9638261315982,900.985989582586,1.62999999999998,10195627644.5698,0.00236399852541283,0.275406105524519,0,
JO,JOR,Jordan,2004,7261136090.78984,6604973201.69252,49.6264079402253,97.6699738875579,1057.17652422962,3.36186821476601,11411706629.055,0.00252507093423412,0.681552349591884,0,
JO,JOR,Jordan,2005,9317273980.63469,7426297602.2567,45.0901180857676,97.8948027431156,1107.30679497061,3.49368534619531,12588998589.5628,0.00299417370715913,0.972445920300149,0,
JO,JOR,Jordan,2006,10260339266.5726,9143836389.28067,29.6223021582734,97.8915124680251,1066.3573147471,6.25172466656443,15056981664.3159,0.00336695469227265,1.02627219723761,0,
JO,JOR,Jordan,2007,12183301298.4281,10683670718.097,17.0204583910168,98.4163241963363,1055.84777945071,4.74390639021648,17110437235.543,0.0032269913821269,0.827504244451735,0,
JO,JOR,Jordan,2008,15101919310.8619,13750696208.6425,15.7103627691863,98.0026258213599,1011.34553533121,13.9712310012729,22658715989.3302,0.0047965442664046,0.150133122256453,0,
JO,JOR,Jordan,2009,12641133802.8169,12022253521.1267,8.52718609865471,97.9606777045814,1044.29967184826,-0.739069743144777,24537876056.338,0.00223180513092879,0.561906843612745,0,
JO,JOR,Jordan,2010,13822394366.1971,13639056338.0281,28.3326566517797,97.35049824271,973.413219547318,4.84551875852116,27133804225.3521,0.00222485703710613,1.07702929489453,0,
JO,JOR,Jordan,2011,16825633802.8169,14454197183.0986,72.5218459858001,96.0033704250095,944.486189633114,4.1624416292779,29524149154.9296,0.00229864970418629,0.184803898952021,0,
JO,JOR,Jordan,2012,18431126760.5633,14997464788.7323,81.001446131598,97.3326463139556,1034.50305837685,4.5152295667099,31634561690.1408,0.00247522898810274,0.282058142253294,0,
JO,JOR,Jordan,2013,19560563380.2816,15021253521.1267,74.503215340942,97.6248793313307,966.849898090231,4.82462314269537,34454440140.8451,0.00191267840155804,0.173899859349714,0,
JO,JOR,Jordan,2014,20350985915.4929,16404929577.4647,92.5544727909778,97.6313594875912,930.16049745624,2.89947905006057,36847643521.1268,0.00161998790264992,0.167919629735253,0,
JO,JOR,Jordan,2015,18165633802.8169,14856619718.3098,50.5970855910358,58.1782306041887,903.433667037898,-0.876851359704049,38587017887.3239,0.000429911043278417,0.120929763386295,0,
JO,JOR,Jordan,2016,17136478873.2394,14298732394.3661,11.0060014240667,0.0,887.616759444148,-0.778430463054142,39892551126.7606,0.000250812593463262,0.104709249071117,0,
JO,JOR,Jordan,2017,18206056338.0281,15167746478.8732,13.3802816901408,0.0,917.041568368822,3.32389447576097,41608435915.493,0.000211794657558038,0.123590689364973,0,
JO,JOR,Jordan,2018,18052394366.1972,16130704225.3521,6.19938153438374,0.0,869.212005052558,4.46231108475481,43370860704.2254,0.000980515945675632,1.71392273426769,0,
JO,JOR,Jordan,2019,17052436619.7183,17440985915.4929,4.41964720787448,0.0,811.583012032737,0.761514047265601,44503006338.0282,0.000787731412940435,2.03314518398133,0,
JO,JOR,Jordan,2020,15329047887.3239,11358309859.1549,3.99497608811169,0.0,754.943831707803,0.333294350628378,43700383098.5916,0.000467720334463903,1.33182496918067,0,
JO,JOR,Jordan,2021,19167042253.5211,14639154929.5774,4.41293462492396,0.0,741.997765695214,1.34609377243118,46296100140.8451,0.0143633135367042,0.706962713297216,0,
JO,JOR,Jordan,2022,24341690140.845,21817323943.6619,3.8036973001729,0.0,757.518049657458,4.22915568897117,48764963380.2817,,0.917109884625019,1,NY_GDP_PETR_RT_ZS
JO,JOR,Jordan,2023,22917746478.8732,24134507042.2535,3.74884424644868,0.0,767.635457519706,2.08486986327134,51088476338.0282,,0.498739629336105,1,NY_GDP_PETR_RT_ZS
JO,JOR,Jordan,2024,23947042253.5211,24824225352.1127,,,,1.55659611283953,53352289577.4648,,0.264858580668078,4,"EG_ELC_PETR_ZS,EG_USE_COMM_FO_ZS,EG_USE_PCAP_KG_OE,NY_GDP_PETR_RT_ZS"
KW,KWT,Kuwait,2000,6451474442.26721,28616641207.2309,67.0606069981128,,9498.0243597846,1.81294613887089,37718743480.0751,50.2892381187247,94.3054880797806,1,EG_USE_COMM_FO_ZS
KW,KWT,Kuwait,2001,7047046611.8505,23328424153.1664,69.2906498731741,,9864.90676381762,1.29999999999999,34889559869.8326,42.7980143074398,93.2304331284878,1,EG_USE_COMM_FO_ZS
KW,KWT,Kuwait,2002,8116763154.31757,20730847485.5936,78.0100104504703,,9714.88959890999,0.888450148074907,38135788413.8276,37.2003716194143,92.4986204166316,1,EG_USE_COMM_FO_ZS
KW,KWT,Kuwait,2003,9880154932.58951,28671039189.8262,78.8319464966171,,10164.1792837198,0.961350293542112,47874582231.588,39.816851302288,93.4376463361072,1,EG_USE_COMM_FO_ZS
KW,KWT,Kuwait,2004,12402443162.5381,38659993213.4373,76.9178563637686,98.7305036109984,10971.4644036465,1.24856443679889,59439090600.6108,46.1128336408051,94.598596572397,0,
KW,KWT,Kuwait,2005,15053424657.5342,58099999999.9999,77.6946997759181,97.7546735285634,12019.6254493583,4.14297583631023,80798630136.9863,53.3164834648164,,1,TX_VAL_FUEL_ZS_UN
KW,KWT,Kuwait,2006,16240131320.2003,77396761226.7338,72.0806637958198,,10452.8038422143,3.05701339166722,101557330723.423,51.0394540758358,96.4752875038565,1,EG_USE_COMM_FO_ZS
KW,KWT,Kuwait,2007,19962073760.4519,89021665749.1752,71.6495056815851,,9524.11402060719,5.48494983277596,114634043361.692,48.1550015709463,96.3029607314663,1,EG_USE_COMM_FO_ZS
KW,KWT,Kuwait,2008,22939171473.8437,112864376539.628,70.0322711549982,,10651.1238148385,10.5827097865144,147379737229.753,52.8912935555667,96.4909871739516,1,EG_USE_COMM_FO_ZS
KW,KWT,Kuwait,2009,18528664731.3898,74750456043.6285,69.6444678292243,,10531.9040890245,4.60959548447787,105968691905.415,38.854853146546,93.2082155716075,1,EG_USE_COMM_FO_ZS
KW,KWT,Kuwait,2010,19569216700.0927,85867391467.0792,67.2068252689114,96.3515462136736,11313.7461647106,4.49640287769787,115416245241.742,48.1906069290048,92.7518711482029,0,
KW,KWT,Kuwait,2011,22597216655.6184,123554663576.152,61.9057558837343,94.2280905339817,10506.465965957,4.8394034987095,154039231245.856,58.3689295808333,94.8418724155951,0,
KW,KWT,Kuwait,2012,24241446997.3104,142478227083.975,60.2987614326151,98.9479449698576,10426.982707218,3.25514600287211,174047662680.041,57.4129637304674,,1,TX_VAL_FUEL_ZS_UN
KW,KWT,Kuwait,2013,25576252706.6343,136573740135.812,62.1986815781706,98.2687466902093,9778.60747500995,2.68229684085039,174168116534.844,55.5579394462588,94.2171787337716,0,
KW,KWT,Kuwait,2014,27384704018.7381,127205336103.765,54.3583051888241,99.6109552304125,8692.30403888948,2.90892672858625,162650450684.725,53.239569150436,95.2169457886681,0,
KW,KWT,Kuwait,2015,27342757605.5777,78384957849.2059,50.4481021555764,-48.814961573929,9738.48954876555,3.27170166092133,114585555688.511,36.4482994431389,92.4993007083526,0,
KW,KWT,Kuwait,2016,26562436858.4095,71340695578.1071,47.4609402867946,0.0,9693.77926411987,3.19839776658374,109406674124.652,31.6732106195044,92.7391106201563,0,
KW,KWT,Kuwait,2017,29526868427.4313,83045210678.2539,49.9244380941913,0.0,9535.25160630279,2.17183298510006,120687539805.505,36.0090908245608,93.5741930367838,0,
KW,KWT,Kuwait,2018,31369500436.0877,109994381657.444,46.6971647571623,0.0,9781.8532163362,0.543133148199567,138646316350.727,44.0490671354298,90.8951500827978,0,
KW,KWT,Kuwait,2019,29436065811.251,114047916993.557,43.3456328009484,0.0,8355.80189447324,1.09184802655856,140856394860.529,38.6553473115018,94.3677444960455,0,
KW,KWT,Kuwait,2020,24835854373.5107,86898763628.5232,47.2296538070523,0.0,8874.99125301981,2.101729548274,111045470605.715,27.5816891390019,92.8791686402667,0,
KW,KWT,Kuwait,2021,27866083168.6119,104839462108.38,48.9137297136703,0.0,8573.69391090114,3.42362947609188,148350671489.144,,94.6305212160108,1,NY_GDP_PETR_RT_ZS
KW,KWT,Kuwait,2022,28364274801.7127,142011952612.231,47.7293402279039,0.0,9132.60590930826,3.98064961990313,183502046693.878,,96.0382613795238,1,NY_GDP_PETR_RT_ZS
KW,KWT,Kuwait,2023,33028053859.9452,133214377732.508,37.2496222320688,0.0,8952.27483065729,3.64216403030709,165384407116.233,,95.5164366055485,1,NY_GDP_PETR_RT_ZS
KW,KWT,Kuwait,2024,33443405535.7801,129287978357.438,,,,2.89855072463762,160227273053.334,,90.7321487415169,4,"EG_ELC_PETR_ZS,EG_USE_COMM_FO_ZS,EG_USE_PCAP_KG_OE,NY_GDP_PETR_RT_ZS"
LB,LBN,Lebanon,2000,,,95.5210329869868,93.7525436366268,1136.87014459546,,17260364842.4544,0.0,0.178629678109887,3,"BM_GSR_MRCH_CD,BX_GSR_TOTL_CD,FP_CPI_TOTL_ZG"
LB,LBN,Lebanon,2001,,,96.6515380736258,94.3714142411316,1199.71023584992,,17649751243.7811,0.0,0.155463709966929,3,"BM_GSR_MRCH_CD,BX_GSR_TOTL_CD,FP_CPI_TOTL_ZG"
LB,LBN,Lebanon,2002,6127505650.8659,6125823686.86907,94.1145833333333,94.859064615327,1175.25346522376,,19152238805.9701,0.0,0.44816388749621,1,FP_CPI_TOTL_ZG
LB,LBN,Lebanon,2003,6808309054.67931,12662617203.2847,90.1210464662241,94.7137721102877,1157.2988164132,,20082918739.6352,0.0,0.231199844950283,1,FP_CPI_TOTL_ZG
LB,LBN,Lebanon,2004,8908043656.78885,12893145382.8957,90.5713531120697,94.6866090244305,1149.06001925911,,21159827992.0398,0.0,0.26287180715628,1,FP_CPI_TOTL_ZG
LB,LBN,Lebanon,2005,8959193225.20315,14957624741.5385,91.083454095985,93.9926604607964,1079.47193036728,,21497336498.8391,0.0,0.34821472762562,1,FP_CPI_TOTL_ZG
LB,LBN,Lebanon,2006,9025040321.51216,16926259967.3242,93.8773709748566,95.5864334351542,985.785471251008,,22022709851.4096,0.0,0.299487266437649,1,FP_CPI_TOTL_ZG
LB,LBN,Lebanon,2007,11463080000.0,19445495748.9257,94.4581047853225,98.0342328284231,823.875004803328,,24827355014.9254,0.0,0.217321452649323,1,FP_CPI_TOTL_ZG
LB,LBN,Lebanon,2008,15530700000.0,24812513692.6208,97.0042566862099,99.2832959300396,1061.37912293521,,29118916105.4726,0.0,0.33284833912779,1,FP_CPI_TOTL_ZG
LB,LBN,Lebanon,2009,15394347263.1101,23137246538.1609,93.7827426810478,95.2500409434034,1336.59416990092,1.19509671165543,35399582928.6899,0.0,0.338561740289721,0,
LB,LBN,Lebanon,2010,17187759343.1869,22176907098.2571,88.3763837638376,94.4157470702963,1272.70442631431,3.98347941855833,38443907042.1227,0.0,0.132265054585668,0,
LB,LBN,Lebanon,2011,18856749194.47,25029480948.6,95.0573373397927,94.6330884551266,1257.01533623898,4.97148571692384,39927125961.5257,0.0,0.098238163773614,0,
LB,LBN,Lebanon,2012,20539840756.7872,21814279783.61,92.9159406357027,95.405328598748,1383.47674048903,6.58147447683677,44016799515.7546,0.0,2.01796275219873,0,
LB,LBN,Lebanon,2013,20404520299.729,21975760676.36,93.576611182245,95.1918946721502,1238.32383382097,4.82101956297399,46880103080.597,0.0,8.55737748124045,0,
LB,LBN,Lebanon,2014,20036058199.5676,21305016487.49,98.8037611973516,96.6475239479447,1192.55300583176,1.8546042134091,48095213746.6003,0.0,0.975199707169866,0,
LB,LBN,Lebanon,2015,17196968038.243,21835979073.9,97.3075891659962,89.3247284878043,1284.15018153506,-3.74914524799629,49929337836.8159,0.0,0.812714035495173,0,
LB,LBN,Lebanon,2016,17709206185.351,21349104484.33,97.8101813685078,0.0,1356.17702319106,-0.783359624361508,51147308774.1294,0.0,0.476668921652208,0,
LB,LBN,Lebanon,2017,18214323183.965,22067628247.16,97.7593673507814,0.0,1475.80821027467,4.32135218303191,53027680685.9038,0.0,1.51877124152991,0,
LB,LBN,Lebanon,2018,18453727531.1895,21977294492.7993,97.9251940719831,0.0,1431.82553489945,6.07698907889607,54901519155.5556,0.0,0.704025606732419,0,
LB,LBN,Lebanon,2019,17989505339.5223,21303640609.2802,94.8350935705021,0.0,1489.87217336526,3.00538949390383,51605959131.2741,0.0,1.45409543694151,0,
LB,LBN,Lebanon,2020,10403254183.3842,10380554882.0953,93.3684383741978,0.0,1251.18116453599,84.8643330472041,31712128253.7961,0.0,0.340577463595891,0,
LB,LBN,Lebanon,2021,12732523119.2912,9736082790.72035,91.0714285714286,0.0,987.597103750431,154.756096023393,23131941556.7843,0.0,0.241436727400156,0,
LB,LBN,Lebanon,2022,17951464954.6115,13254592345.3684,54.8349873067159,0.0,652.741369292341,171.205491336641,20992421948.8081,,0.433020096745865,1,NY_GDP_PETR_RT_ZS
LB,LBN,Lebanon,2023,16686886736.226,12628338285.177,66.3671373555841,0.0,780.330161504694,221.341644023365,20078620356.9931,,9.88237160097366,1,NY_GDP_PETR_RT_ZS
LB,LBN,Lebanon,2024,,,,,,45.2430422716718,,,7.70940000965568,7,"BM_GSR_MRCH_CD,BX_GSR_TOTL_CD,EG_ELC_PETR_ZS,EG_USE_COMM_FO_ZS,EG_USE_PCAP_KG_OE,NY_GDP_MKTP_CD,NY_GDP_PETR_RT_ZS"
LY,LBY,Libya,2000,4129000000.0,12933000000.0,78.0588538977801,99.3409321314527,2976.83650740397,-2.90000000000024,38270954138.1128,33.5852838997618,,1,TX_VAL_FUEL_ZS_UN
LY,LBY,Libya,2001,4825000000.0,11502000000.0,77.9529513996648,97.288461133607,3074.78058753118,-8.81393752145546,34112093927.254,29.4914880458031,,1,TX_VAL_FUEL_ZS_UN
LY,LBY,Libya,2002,7408000000.0,12025000000.0,78.8717129656038,98.8003243921112,3089.63282765671,-9.79764705882357,20481889763.7795,48.3822928740602,,1,TX_VAL_FUEL_ZS_UN
LY,LBY,Libya,2003,7200000000.0,15009000000.0,79.6441957451301,,3033.31081378459,-2.19115191986644,26265625000.0,47.8421621561942,,2,"EG_USE_COMM_FO_ZS,TX_VAL_FUEL_ZS_UN"
LY,LBY,Libya,2004,8768000000.0,19201000000.0,80.7288327826816,,3051.03345536709,-2.197567740559,33122307692.3077,54.7869519679771,,2,"EG_USE_COMM_FO_ZS,TX_VAL_FUEL_ZS_UN"
LY,LBY,Libya,2005,11174000000.0,31220000000.0,72.04481298518,96.5440647810331,3114.98564274947,2.65020576131657,47334691241.4924,61.0171738102836,,1,TX_VAL_FUEL_ZS_UN
LY,LBY,Libya,2006,13219000000.0,40142000000.0,60.3942797123697,,2733.38300724871,1.45926876202724,60094231606.642,60.9295741290035,,2,"EG_USE_COMM_FO_ZS,TX_VAL_FUEL_ZS_UN"
LY,LBY,Libya,2007,17701400000.0,51554500000.0,55.9884119844477,,2363.56247489929,6.25098782993553,68032978390.6007,59.9292830144719,96.6247227091457,1,EG_USE_COMM_FO_ZS
LY,LBY,Libya,2008,21658300000.0,66628900000.0,58.9967208539734,,2578.95942858435,10.3607288954998,86710767415.1371,64.8164362995569,96.7377076938414,1,EG_USE_COMM_FO_ZS
LY,LBY,Libya,2009,22002000000.0,39900900000.0,60.7842491686695,,2784.55454632999,2.45990025609948,60808562033.4191,49.9122829981053,97.8939049801398,1,EG_USE_COMM_FO_ZS
LY,LBY,Libya,2010,24559000000.0,51663100000.0,52.853369371583,,3131.50608317262,2.79989500109268,75380825062.4216,54.526429982548,97.7181660474755,1,EG_USE_COMM_FO_ZS
LY,LBY,Libya,2011,11200000000.0,20309800000.0,40.1630831955075,81.0896780110068,2631.72794552167,15.5184815317561,48169263294.1007,36.3305559734441,,1,TX_VAL_FUEL_ZS_UN
LY,LBY,Libya,2012,25590000000.0,63570200000.0,39.5010940919037,89.1714275457923,3101.47681342856,6.05980392156864,92540938129.1315,57.6300935046394,,1,TX_VAL_FUEL_ZS_UN
LY,LBY,Libya,2013,34049500000.0,48590800000.0,41.5952311871917,,2747.59073791604,2.60581802719517,75351107029.0605,45.8016137051651,,2,"EG_USE_COMM_FO_ZS,TX_VAL_FUEL_ZS_UN"
LY,LBY,Libya,2014,30418700000.0,21238300000.0,46.2775966711722,77.6055473602892,3550.5742819662,2.43294141599225,57372355592.022,28.6305298163822,,1,TX_VAL_FUEL_ZS_UN
LY,LBY,Libya,2015,16428500000.0,13039300000.0,45.962517661486,62.1790968549039,2942.78950702997,10.4022933588151,48717501321.3052,14.4264442000075,,1,TX_VAL_FUEL_ZS_UN
LY,LBY,Libya,2016,8667000000.0,8086300000.0,27.4029280712922,0.0,3350.14260585583,25.8538742124461,49912073701.298,10.7931417666286,89.0527915280661,0,
LY,LBY,Libya,2017,10556200000.0,21411500000.0,31.3662450046573,0.0,3698.16883501654,25.8036184788338,67157452181.7738,20.9466167504799,89.0527915280661,0,
LY,LBY,Libya,2018,13786200000.0,32256900000.0,34.4034415147347,0.0,3345.56282924367,13.1702038536721,76686029772.1483,30.0345298438813,95.3967472853869,0,
LY,LBY,Libya,2019,17725900000.0,32483500000.0,32.8433637518771,0.0,3691.94352087401,-2.16217883470595,69254496471.6938,32.7515623093831,94.4050188673453,0,
LY,LBY,Libya,2020,9148000000.0,10711600000.0,26.6483609613885,0.0,1411.0433394018,1.44703656998741,46854285440.642,9.24399152945122,,1,TX_VAL_FUEL_ZS_UN
LY,LBY,Libya,2021,16957200000.0,33250800000.0,23.4785108523789,0.0,2102.63589527131,2.86833027751019,35217995647.2862,56.3779371892049,,1,TX_VAL_FUEL_ZS_UN
LY,LBY,Libya,2022,19665500000.0,41679800000.0,23.9104426593745,0.0,1543.81471951705,4.51030149235703,43246297921.8499,,,2,"NY_GDP_PETR_RT_ZS,TX_VAL_FUEL_ZS_UN"
LY,LBY,Libya,2023,23229500000.0,41787200000.0,26.1956972678243,0.0,2662.16736616396,2.37317531435169,44027664915.187,,,2,"NY_GDP_PETR_RT_ZS,TX_VAL_FUEL_ZS_UN"
LY,LBY,Libya,2024,,,,,,2.12615766885025,48487151215.345,,,7,"BM_GSR_MRCH_CD,BX_GSR_TOTL_CD,EG_ELC_PETR_ZS,EG_USE_COMM_FO_ZS,EG_USE_PCAP_KG_OE,NY_GDP_PETR_RT_ZS,TX_VAL_FUEL_ZS_UN"
MA,MAR,Morocco,2000,9051825085.23371,9127011171.73893,25.6394309259115,86.528576405942,387.674326412744,1.89463456763464,43017455401.8445,0.00631272522300296,3.65699503641464,0,
MA,MAR,Morocco,2001,8540592189.22451,9873657156.63354,15.4858434135318,87.5459073565303,405.385733553728,0.619801875297975,43831480207.6444,0.00389678993671929,4.22420824882811,0,
MA,MAR,Morocco,2002,9224203195.53562,10899377679.6448,17.5516901870692,87.7954267729889,406.634838346005,2.79561966936936,47077192187.6418,0.00482094327981793,3.66191427532414,0,
MA,MAR,Morocco,2003,11200871256.2243,12704130415.1663,19.1096634093377,87.1454986930997,399.736368353388,1.16773367477592,58029363354.2757,0.0035183313822751,2.61513516503521,0,
MA,MAR,Morocco,2004,14274575619.5352,15003362753.0193,18.851902173913,82.2449583455651,463.894860712269,1.49344403381774,66114145451.0067,0.00447676173181179,4.49350581169632,0,
MA,MAR,Morocco,2005,16697907013.3233,17280673506.7239,17.4393381425617,84.9515000050297,484.797908832576,0.982641660015951,68852658068.6673,0.00402070243000557,5.0537343655877,0,
MA,MAR,Morocco,2006,19382954316.337,20165206071.2534,16.1359535768274,85.5182876023709,486.582730066603,3.28476166954811,75883823300.8545,0.0062368292429596,3.76178277627632,0,
MA,MAR,Morocco,2007,25954017474.6566,24910303982.9845,16.9820594740723,85.9858229562004,495.471813588118,2.04208512673344,86947913286.728,0.00648886456293074,3.71752760896919,0,
MA,MAR,Morocco,2008,36650596645.9543,31613015288.2864,23.0147792615121,86.9760947141484,507.932323340328,3.71484311494064,101822906949.063,0.0061644205483407,4.18663978615364,0,
MA,MAR,Morocco,2009,28027355463.9439,24924066111.0162,20.4837595024188,86.9676032310838,504.85859762712,0.971862998667636,101154952240.881,0.00325837372650423,3.58160008168939,0,
MA,MAR,Morocco,2010,29627263622.2718,27913409876.2822,23.4936452307562,87.0974019344422,526.098528303577,0.993557401226392,100865329473.44,0.00546877446444964,3.31051983251718,0,
MA,MAR,Morocco,2011,37333019633.1331,32649115416.821,26.7994478406626,88.6299627852293,559.353279063147,0.9069249096918,110080631332.375,0.00726865921109118,4.34145432822333,0,
MA,MAR,Morocco,2012,38876982593.6203,32954415684.3752,25.518837226119,89.0918277139589,559.656539214197,1.28712240079219,106937392311.129,0.00528452503464482,5.76450248609948,0,
MA,MAR,Morocco,2013,39853614196.749,33085764310.0639,16.7905955668862,88.3182040415514,554.322076671451,1.88065466724086,115739287305.08,0.00535817874110864,7.21783053567622,0,
MA,MAR,Morocco,2014,41032003259.4768,36800964966.1045,9.21249659678737,88.3645731918633,555.591040302721,0.442310053557048,119130841411.664,0.00272007561344937,5.06512046366423,0,
MA,MAR,Morocco,2015,33307158475.339,33813685968.0386,7.08313310908217,72.8609624298786,563.603106638362,1.5579071134626,110413823841.592,0.00142730898853635,1.93131182632741,0,
MA,MAR,Morocco,2016,36684161942.9415,35134721823.6902,8.9667403005507,0.0,558.062023900473,1.63531114327064,111572947004.917,0.00113281093648473,0.851631730088442,0,
MA,MAR,Morocco,2017,39570959761.6803,39668698765.3829,10.5239372118948,0.0,577.582098917111,0.754663249323619,118540573367.844,0.00131078372177982,0.915717103285065,0,
MA,MAR,Morocco,2018,44872285913.3977,43975495444.857,3.4867814968873,0.0,577.178572918036,1.80391671141896,127341147581.818,0.00175486944296997,1.16507270206512,0,
MA,MAR,Morocco,2019,44465870446.13,44676344434.6344,1.9015606242497,0.0,614.502733565635,0.303386036590383,128920266409.458,0.00137237053657597,1.5096725010458,0,
MA,MAR,Morocco,2020,39218082911.9528,38322382167.8836,1.72009187138007,0.0,575.699296767116,0.705968661338261,121353645057.144,0.000839572708870582,0.515055497762877,0,
MA,MAR,Morocco,2021,51641946065.1025,48011260339.7696,3.2306571744085,0.0,616.051393306028,1.40195883962006,142022058447.231,0.00101118511153249,0.690786590320233,0,
MA,MAR,Morocco,2022,63037153128.7945,59479336973.6839,9.79823041992416,0.0,602.994477750907,6.65704202759067,131245312804.483,,1.00965161630831,1,NY_GDP_PETR_RT_ZS
MA,MAR,Morocco,2023,61407709696.6318,62912704718.7832,4.18201368076685,0.0,600.64391286941,6.09114152504141,146036093666.762,,1.21428847268287,1,NY_GDP_PETR_RT_ZS
MA,MAR,Morocco,2024,66483524821.2227,68870813135.7533,,,,0.985256592004507,160610994054.734,,0.759031246462188,4,"EG_ELC_PETR_ZS,EG_USE_COMM_FO_ZS,EG_USE_PCAP_KG_OE,NY_GDP_PETR_RT_ZS"
OM,OMN,Oman,2000,4593000000.0,12061100000.0,17.1660630007683,,3286.26599451763,,22259557867.3602,44.475781466106,83.21327323399,2,"EG_USE_COMM_FO_ZS,FP_CPI_TOTL_ZG"
OM,OMN,Oman,2001,5308192457.73732,11986996098.8296,17.664578412242,,3303.97268173668,-0.816666666666656,22205721716.515,36.285347329679,80.5557004195495,1,EG_USE_COMM_FO_ZS
OM,OMN,Oman,2002,5633289986.99609,12018205461.6384,18.0040654341303,99.5617165080443,3469.43506166397,-0.279578822571373,23065539661.8986,33.51317909328,77.4715518284881,0,
OM,OMN,Oman,2003,6085825747.72431,12642392717.8153,18.0044801194699,,3565.24432327227,0.231328682267143,24733680104.0312,33.3255110511249,76.8245303964233,1,EG_USE_COMM_FO_ZS
OM,OMN,Oman,2004,7872561768.53055,14879063719.1157,18.001565353509,99.1201715900591,3658.50755395167,0.624969062631367,28378933680.104,36.7966643908859,91.0888368510134,0,
OM,OMN,Oman,2005,8028608582.57477,20395838751.6255,2.09271104793493,99.9212928369368,4030.08185259047,1.90983553531865,35506892067.6203,42.841561539357,91.8263316844317,0,
OM,OMN,Oman,2006,9881079323.79713,24640325097.5292,1.99063231850117,99.9860098887891,6138.77344250291,3.54498591605033,42577633289.987,40.7520000982427,91.390046872855,0,
OM,OMN,Oman,2007,14343276983.0949,28535240572.1716,2.1167283189478,99.9426351014091,6889.71721193841,5.8304841809271,48300390117.0351,37.7986997972135,89.0570672014474,0,
OM,OMN,Oman,2008,20707204161.2483,40641628088.4265,2.17459031715372,,5927.85053888478,12.3754091529912,69804681404.4213,37.9131008037865,86.3796075991984,1,EG_USE_COMM_FO_ZS
OM,OMN,Oman,2009,16051807542.2626,30021734309.4928,2.14692328544321,99.6496050410564,5912.23573208102,3.46881023754893,55454096228.8687,30.5131215016084,74.9705083996091,0,
OM,OMN,Oman,2010,17874395318.5955,39179046733.4199,2.24532014733337,,6736.89412726066,3.25657959078624,64993498049.4148,32.5688653439524,77.7587802690782,1,EG_USE_COMM_FO_ZS
OM,OMN,Oman,2011,21496759427.8283,50153138753.1711,2.34525006857456,99.9907878576013,7155.54208650969,4.0421886711639,77497529258.7776,40.4074409203453,74.3678691335376,0,
OM,OMN,Oman,2012,25628889466.84,55543469073.4631,2.41835551824759,99.5673514319969,6702.98586928623,2.94773495257209,87408842652.7958,37.5396768679582,83.5370778993057,0,
OM,OMN,Oman,2013,32043088582.5747,61336093223.6304,2.61041881025876,,6349.13398503592,1.05354820265932,89936020806.2419,35.9895065337986,82.6128731508305,1,EG_USE_COMM_FO_ZS
OM,OMN,Oman,2014,27889070221.0663,57915698979.2316,2.59878471626214,99.9851725001285,6076.73203947575,1.01401483924156,92699089726.9181,31.6791185960483,81.6727512854849,0,
OM,OMN,Oman,2015,26563679141.7425,39769753629.1685,2.63414931933337,71.4722843521275,6027.98246531457,0.0652901330286599,78710793237.9714,18.8680645519097,76.1568860871844,0,
OM,OMN,Oman,2016,21286568270.4811,32009996236.3061,2.74596868427203,0.0,5557.82391970212,1.10920805807027,75128738621.5865,16.2724873177614,76.052172528574,0,
OM,OMN,Oman,2017,24121339458.2444,37850147117.5622,2.8720843363493,0.0,5765.68522906846,1.58909413567799,80856697009.1027,19.3050063067708,73.6831825643426,0,
OM,OMN,Oman,2018,23646293888.1665,47477836899.8415,2.99504360041348,0.0,5549.37287503861,0.889312370970404,91505851755.5267,23.7087990780384,75.1858802471844,0,
OM,OMN,Oman,2019,20456783394.0182,44803580876.0751,2.88478859466275,0.0,5120.9649038216,0.490815362820671,88060858257.4772,21.6117797561797,76.3087021288282,0,
OM,OMN,Oman,2020,25364089923.5725,36447887711.8606,3.55894913938139,0.0,5718.76939147626,-0.40640291946585,75909492847.8544,14.994277961787,63.6348897569431,0,
OM,OMN,Oman,2021,28023772992.6613,48392920193.4323,3.5199690552171,0.0,5956.40935867476,1.68221185876085,87323797139.1417,23.5387435070386,65.2855836380628,0,
OM,OMN,Oman,2022,34747048438.1297,70134353701.9759,1.83077802114084,0.0,5920.00502494357,2.5061425061425,109852795838.752,,74.0383980013691,1,NY_GDP_PETR_RT_ZS
OM,OMN,Oman,2023,35169193758.1274,66519801462.5978,1.74670538306902,0.0,5908.4271000367,0.950782997762827,106174708036.51,,74.1913838927866,1,NY_GDP_PETR_RT_ZS
OM,OMN,Oman,2024,39489777135.13,71881116006.9591,,,,0.593589236248469,107137198769.386,,77.1995042110729,4,"EG_ELC_PETR_ZS,EG_USE_COMM_FO_ZS,EG_USE_PCAP_KG_OE,NY_GDP_PETR_RT_ZS"
QA,QAT,Qatar,2000,,,0.0,,16853.5131028918,1.65033522434232,17759890109.8901,40.7661397416806,91.2266807875303,3,"BM_GSR_MRCH_CD,BX_GSR_TOTL_CD,EG_USE_COMM_FO_ZS"
QA,QAT,Qatar,2001,,,0.0,,16740.6866104411,1.47133434804683,17538461538.4615,34.9268648116195,92.4309598570321,3,"BM_GSR_MRCH_CD,BX_GSR_TOTL_CD,EG_USE_COMM_FO_ZS"
QA,QAT,Qatar,2002,,,0.0,,18009.6331286529,0.239999999999952,19363736263.7363,31.8348108510858,89.3048817670036,3,"BM_GSR_MRCH_CD,BX_GSR_TOTL_CD,EG_USE_COMM_FO_ZS"
QA,QAT,Qatar,2003,,,0.0,,17779.7436857851,2.26456504389469,23533791208.7912,33.8929726986092,92.3240924687122,3,"BM_GSR_MRCH_CD,BX_GSR_TOTL_CD,EG_USE_COMM_FO_ZS"
QA,QAT,Qatar,2004,,,0.0,99.9576673286656,21557.4750763638,6.79933665008279,31734065934.0659,34.825040164201,87.601550193793,2,"BM_GSR_MRCH_CD,BX_GSR_TOTL_CD"
QA,QAT,Qatar,2005,,,0.0,99.9583174656003,20198.1689051663,8.81439532334683,44530494505.4945,38.1771562134119,85.0601617861359,2,"BM_GSR_MRCH_CD,BX_GSR_TOTL_CD"
QA,QAT,Qatar,2006,,,0.0,99.9878432018471,20140.3428752631,11.8358096197431,60882142857.1429,34.1520126219521,90.8536097539166,2,"BM_GSR_MRCH_CD,BX_GSR_TOTL_CD"
QA,QAT,Qatar,2007,,,0.0,99.9571564511174,18323.3464644697,13.7581625759964,79712087912.0879,30.8003611618771,90.657961505625,2,"BM_GSR_MRCH_CD,BX_GSR_TOTL_CD"
QA,QAT,Qatar,2008,,,0.0,99.9578779052492,15946.7278040391,15.0501451570333,115270054945.055,32.6040710093919,92.0990432261148,2,"BM_GSR_MRCH_CD,BX_GSR_TOTL_CD"
QA,QAT,Qatar,2009,,,0.0,99.9937246093105,15063.2666244935,-4.86327801622565,97798351648.3516,23.0165618959946,73.9077903042904,2,"BM_GSR_MRCH_CD,BX_GSR_TOTL_CD"
QA,QAT,Qatar,2010,,,0.0,,16779.9216747321,-2.42525675161714,123627197802.198,26.6026039782648,92.5548513080755,3,"BM_GSR_MRCH_CD,BX_GSR_TOTL_CD,EG_USE_COMM_FO_ZS"
QA,QAT,Qatar,2011,26925851648.3516,128004244505.494,0.0310445818418484,,16473.4269691009,1.13836623529202,167775274725.275,29.9468705202351,92.9962018469401,1,EG_USE_COMM_FO_ZS
QA,QAT,Qatar,2012,30787179487.1794,149394230769.23,0.0274240377152385,,21456.0669284592,2.31534853431661,186833516483.516,28.3389822463275,88.0489136744168,1,EG_USE_COMM_FO_ZS
QA,QAT,Qatar,2013,31474725274.7252,150901648351.648,0.220606899734626,,20642.1423232651,3.22197756829293,198727747252.747,25.3595869913171,89.9813548660954,1,EG_USE_COMM_FO_ZS
QA,QAT,Qatar,2014,31145329670.3296,147625274725.275,0.263129329060271,,17814.5431104326,3.34972085659523,206224725274.725,21.5388184142326,87.8136789876161,1,EG_USE_COMM_FO_ZS
QA,QAT,Qatar,2015,28496153846.1538,100084615384.615,0.287573194534808,52.9498643639376,16427.7565434994,1.8140772393776,161739835164.835,13.0300594635573,83.6583736058125,0,
QA,QAT,Qatar,2016,31934065934.0659,79600274725.2747,0.290212021651263,0.0,15178.8562114172,2.6765917009819,151732142857.143,11.1615579117458,85.0429975482696,0,
QA,QAT,Qatar,2017,30765659340.6593,93787087912.0879,0.283070641436537,0.0,16718.237047918,0.394878914083005,161099175824.176,13.5394624768111,87.5565130224043,0,
QA,QAT,Qatar,2018,33307142857.1428,110575000000.0,0.280785606946068,0.0,16139.7708310186,0.255815382724408,183335164835.165,16.2911609453974,86.1296391093726,0,
QA,QAT,Qatar,2019,31353846153.8461,100989560439.56,0.235743503368624,0.0,15760.447244716,-0.666641124861147,176371428571.429,14.5084244384971,88.8105651715138,0,
QA,QAT,Qatar,2020,24366758241.7582,81411263736.2636,0.272828779081571,0.0,14869.1047902561,-2.5403150300476,144411538461.538,10.5957303632833,81.8145904890777,0,
QA,QAT,Qatar,2021,26864285714.2857,115914835164.835,0.260238957417556,0.0,17103.3823019572,2.30446565742003,179732142857.143,15.2784667126988,84.4038969131069,0,
QA,QAT,Qatar,2022,33519780219.7802,175876648351.648,,0.0,16875.5882360595,4.99527553740761,235709340659.341,,87.2912521641352,2,"EG_ELC_PETR_ZS,NY_GDP_PETR_RT_ZS"
QA,QAT,Qatar,2023,29428571428.5714,145887522791.189,,0.0,16343.0404045489,3.02764899198902,217308516483.516,,86.5414333242433,2,"EG_ELC_PETR_ZS,NY_GDP_PETR_RT_ZS"
QA,QAT,Qatar,2024,32606868131.8681,144829945054.944,,,,1.26734310292375,219162637362.637,,83.7597865976017,4,"EG_ELC_PETR_ZS,EG_USE_COMM_FO_ZS,EG_USE_PCAP_KG_OE,NY_GDP_PETR_RT_ZS"
SA,SAU,Saudi Arabia,2000,27704000000.0,85604266666.6666,53.9681910754333,92.8266137377291,6516.00755562211,-1.12499838517645,189514933333.333,41.6691708446825,92.2645074235409,0,
SA,SAU,Saudi Arabia,2001,28606972533.3333,77105079466.6666,47.5301668998227,92.8414028936432,6348.58935367071,-1.12094804896791,184137600000.0,33.3526627413963,89.4709695418731,0,
SA,SAU,Saudi Arabia,2002,29624266666.6666,81355600000.0,44.1553310379861,90.9781075604879,6826.99573187577,0.247186492339686,189605866666.667,31.342447837027,89.632681945671,0,
SA,SAU,Saudi Arabia,2003,33867733333.3333,101933706666.667,45.1562091503268,90.3510468817452,6631.81585672969,0.612195358172966,215807733333.333,37.0345220176731,89.6778492659469,0,
SA,SAU,Saudi Arabia,2004,41050400000.0,136127200000.0,43.0586395621579,95.5293561353782,6375.54473048108,0.5155078977673,258742133333.333,42.6409301097693,89.8201774712183,0,
SA,SAU,Saudi Arabia,2005,53958280000.0,197429499085.936,43.5074152301787,92.4498597465877,6447.07190249029,0.479231671630955,328459608764.111,48.8606315090549,91.041350268177,0,
SA,SAU,Saudi Arabia,2006,63132083094.8012,235689953575.034,46.7437194792597,95.7970762394107,6605.44101687621,2.20902314069647,376900133511.348,49.6700972841917,90.9813789166803,0,
SA,SAU,Saudi Arabia,2007,81640819545.1765,264957512336.112,49.7593617970452,93.6687943169107,6696.94747279399,4.16782358431579,415964509673.115,47.4394429695294,90.171950238549,0,
SA,SAU,Saudi Arabia,2008,100302269333.333,344174943154.04,51.1743388834476,96.2986608323185,6980.05897029755,9.87024816760266,519796800000.0,54.085800995618,91.3714832745092,0,
SA,SAU,Saudi Arabia,2009,86122132800.0,221687114059.982,55.1874406906146,96.5720622997293,7125.05300494705,5.0572227614833,429097866666.667,34.6315417084598,87.8041747949147,0,
SA,SAU,Saudi Arabia,2010,96362506666.6666,279932156368.162,53.8582336058916,97.1141605250732,7965.26121862505,5.33941733020905,528207466666.667,37.9011314342465,87.6208624921467,0,
SA,SAU,Saudi Arabia,2011,118644826666.666,396724936985.124,56.6614150558617,88.2559935839333,7979.3799657336,5.8262163739404,680660800000.0,49.1612188808623,88.7250786188123,0,
SA,SAU,Saudi Arabia,2012,140243226666.666,423897792832.132,59.4333884023309,96.8982298785652,7862.42354103658,2.86627029905053,751921333333.333,47.4093852263553,88.6274591343223,0,
SA,SAU,Saudi Arabia,2013,151662080000.0,413822030808.066,55.9507429148395,93.5954421193098,7401.17130265584,3.51104209799866,769755733333.333,44.4564985480281,87.5705430575713,0,
SA,SAU,Saudi Arabia,2014,156723645992.533,382987833163.637,62.0909061245799,94.6812895083609,7959.81351652344,2.24185348779063,787153066666.667,40.3219689900701,85.1657914409074,0,
SA,SAU,Saudi Arabia,2015,157524374400.0,244505159875.339,62.5839275454437,7.12657787813047,7786.91651664863,1.22269318552328,693414400000.0,23.9567993223384,78.4307733758804,0,
SA,SAU,Saudi Arabia,2016,126441706765.856,222542309535.589,53.0827727881275,0.0,7521.58911581712,2.05347076823965,689279466666.667,20.0051771356735,77.5498175972453,0,
SA,SAU,Saudi Arabia,2017,122055572973.84,259757550981.732,45.8894470242833,0.0,7707.05632967392,-0.834845735027162,741266133333.333,23.6170719123709,79.8468152028451,0,
SA,SAU,Saudi Arabia,2018,124267066666.667,335417309877.944,41.992321016463,0.0,7650.76338796016,2.46594308994843,886564800000.0,28.0842811588989,80.9954096508223,0,
SA,SAU,Saudi Arabia,2019,138749522438.293,310383513720.426,43.378107618161,0.0,7669.39905417665,-1.19298644533328,888890133333.333,24.3295780055005,80.0531128894226,0,
SA,SAU,Saudi Arabia,2020,124539786666.666,206590819237.019,41.5790073869468,0.0,7172.00803547452,3.37234961012303,767951200000.0,15.9789107766923,72.5938015741335,0,
SA,SAU,Saudi Arabia,2021,138206335466.666,315463434722.397,41.2910911239014,0.0,7467.02479068822,3.06328988941548,982661066666.667,23.6862940574499,76.6076971781348,0,
SA,SAU,Saudi Arabia,2022,174022684257.802,477703910615.812,41.1387631975867,0.0,7525.25321185534,2.47407371925372,1239075200000.0,,82.1937028956426,1,NY_GDP_PETR_RT_ZS
SA,SAU,Saudi Arabia,2023,189930236519.714,409011415056.841,41.1459595604973,0.0,7148.58725115291,2.32708518362706,1218584533333.33,,81.3099851483006,1,NY_GDP_PETR_RT_ZS
SA,SAU,Saudi Arabia,2024,213752430879.728,408134068105.936,,,,1.68792112375809,1239804533333.33,,79.3976376511523,4,"EG_ELC_PETR_ZS,EG_USE_COMM_FO_ZS,EG_USE_PCAP_KG_OE,NY_GDP_PETR_RT_ZS"
AE,ARE,United Arab Emirates,2000,,,3.8153414780693,,8956.94929901911,,104337372362.151,20.8440561536495,93.843835816671,4,"BM_GSR_MRCH_CD,BX_GSR_TOTL_CD,EG_USE_COMM_FO_ZS,FP_CPI_TOTL_ZG"
AE,ARE,United Arab Emirates,2001,,,3.54859631242472,92.213943460568,11703.2751045514,,103311640571.818,15.8062390008792,91.783197076844,3,"BM_GSR_MRCH_CD,BX_GSR_TOTL_CD,FP_CPI_TOTL_ZG"
AE,ARE,United Arab Emirates,2002,,,3.6003926925047,92.7030407469135,10866.2518811768,,109816201497.617,14.6453240587361,55.7261089954946,3,"BM_GSR_MRCH_CD,BX_GSR_TOTL_CD,FP_CPI_TOTL_ZG"
AE,ARE,United Arab Emirates,2003,,,3.77350859453994,92.5878836516192,10102.2168560285,,124346358066.712,17.8057010079321,48.2728267331956,3,"BM_GSR_MRCH_CD,BX_GSR_TOTL_CD,FP_CPI_TOTL_ZG"
AE,ARE,United Arab Emirates,2004,,,3.64576377892668,,9441.12715739602,,147824370319.946,20.9182068452778,54.0586347867889,4,"BM_GSR_MRCH_CD,BX_GSR_TOTL_CD,EG_USE_COMM_FO_ZS,FP_CPI_TOTL_ZG"
AE,ARE,United Arab Emirates,2005,,,3.33454150054368,99.9794221026998,9535.07550578601,,180617467964.602,23.9417369873026,57.7303108639363,3,"BM_GSR_MRCH_CD,BX_GSR_TOTL_CD,FP_CPI_TOTL_ZG"
AE,ARE,United Arab Emirates,2006,,,3.17667145938174,99.7541026983072,9239.04144595382,,222116541865.214,25.8820272214672,62.2532759092846,3,"BM_GSR_MRCH_CD,BX_GSR_TOTL_CD,FP_CPI_TOTL_ZG"
AE,ARE,United Arab Emirates,2007,,,2.81484491055218,99.7598254378556,8929.1273242532,,257916133424.098,23.7183455650517,63.7197610075105,3,"BM_GSR_MRCH_CD,BX_GSR_TOTL_CD,FP_CPI_TOTL_ZG"
AE,ARE,United Arab Emirates,2008,,,2.85721387470017,99.7852835635948,9425.05532774732,12.2504202448139,315474615738.598,26.67204274176,62.304908634584,2,"BM_GSR_MRCH_CD,BX_GSR_TOTL_CD"
AE,ARE,United Arab Emirates,2009,,,2.61382996102593,95.5502867459815,9445.23902000287,1.5618131744907,253547358747.447,18.418263242659,43.5246022231876,2,"BM_GSR_MRCH_CD,BX_GSR_TOTL_CD"
AE,ARE,United Arab Emirates,2010,,,2.40343164908621,,8849.86287819387,0.877983288285867,307736419332.88,22.6797378677807,49.9895856498744,3,"BM_GSR_MRCH_CD,BX_GSR_TOTL_CD,EG_USE_COMM_FO_ZS"
AE,ARE,United Arab Emirates,2011,,,2.18586400637502,97.6888673970723,8498.19879197847,0.87734659568512,368881143635.126,28.5990789001782,53.5351069475687,2,"BM_GSR_MRCH_CD,BX_GSR_TOTL_CD"
AE,ARE,United Arab Emirates,2012,,,2.08054828566587,98.4722939131806,8466.34602792332,0.662268900269008,392793464942.138,27.0648520266069,47.2314196497577,2,"BM_GSR_MRCH_CD,BX_GSR_TOTL_CD"
AE,ARE,United Arab Emirates,2013,,,1.97281694622483,98.3524948196941,8654.48549263775,1.1011183637571,409632675289.313,26.2480640478396,55.8450474819963,2,"BM_GSR_MRCH_CD,BX_GSR_TOTL_CD"
AE,ARE,United Arab Emirates,2014,,,1.97348663606332,80.1335449305592,9398.40039523838,2.34626865671642,424935874744.724,22.9458647037024,50.7904126785472,2,"BM_GSR_MRCH_CD,BX_GSR_TOTL_CD"
AE,ARE,United Arab Emirates,2015,,,1.93981928514794,22.5348482610616,9973.9828745403,4.06996608361593,381973042886.317,13.1025344354216,37.6515533891839,2,"BM_GSR_MRCH_CD,BX_GSR_TOTL_CD"
AE,ARE,United Arab Emirates,2016,,,1.92341817564596,0.0,10191.6184664294,1.61748808904197,381717086453.37,11.0807563620506,31.5589751074458,2,"BM_GSR_MRCH_CD,BX_GSR_TOTL_CD"
AE,ARE,United Arab Emirates,2017,,,1.78720052315558,0.0,8378.97733971587,1.96682557818842,403365010211.028,13.4985731745503,35.9982377334342,2,"BM_GSR_MRCH_CD,BX_GSR_TOTL_CD"
AE,ARE,United Arab Emirates,2018,,,0.699927948593527,0.0,8363.00928463633,3.06863379251996,440560108917.631,17.0989945007163,68.5381737167988,2,"BM_GSR_MRCH_CD,BX_GSR_TOTL_CD"
AE,ARE,United Arab Emirates,2019,,,0.579976020916694,0.0,8736.63609388178,-1.93108114782172,433926208304.969,15.681591549088,77.8387271988389,2,"BM_GSR_MRCH_CD,BX_GSR_TOTL_CD"
AE,ARE,United Arab Emirates,2020,,,0.549122423712767,0.0,8105.43812949633,-2.07940317940943,357161878829.135,10.4940977026696,71.434331985329,2,"BM_GSR_MRCH_CD,BX_GSR_TOTL_CD"
AE,ARE,United Arab Emirates,2021,,,0.552156294447575,0.0,8500.46410586578,0.179935336174431,422441388699.796,15.6730945329946,70.3219846270872,2,"BM_GSR_MRCH_CD,BX_GSR_TOTL_CD"
AE,ARE,United Arab Emirates,2022,,,0.55134523089592,0.0,8303.27667116047,5.29122604376849,511403403675.97,,73.1440771980313,3,"BM_GSR_MRCH_CD,BX_GSR_TOTL_CD,NY_GDP_PETR_RT_ZS"
AE,ARE,United Arab Emirates,2023,352648059904.697,623281143635.126,0.540195305971397,0.0,9139.5423044996,1.62670837213248,522622191967.325,,68.202872587783,1,NY_GDP_PETR_RT_ZS
AE,ARE,United Arab Emirates,2024,400217835262.083,696174268209.666,,,,1.66336510224894,552324846834.581,,,5,"EG_ELC_PETR_ZS,EG_USE_COMM_FO_ZS,EG_USE_PCAP_KG_OE,NY_GDP_PETR_RT_ZS,TX_VAL_FUEL_ZS_UN"
